pack_name;title;level;tags_raw;Category;display_title_en;display_title_tr
YDS Set 001;001-Amy's Restaurant (Amy'nin Restoranı);A1;"food; dining; prices";Food & Agriculture;A Neighborhood Restaurant: More Than a Menu;Bir Mahalle Restoranı: Menünün Ötesinde
YDS Set 001;002-Cinemas (Sinemalar);A1;"entertainment; films; schedule";Everyday Life & Consumption;Cinemas in the Age of Streaming;Dijital Yayın Çağında Sinemalar
YDS Set 001;003-Derek (Derek);A1;"biography; animals; career";History;Derek and a Career with Animals;Derek ve Hayvanlarla Bir Kariyer
YDS Set 001;004-Jim (Jim);A1;"biography; family; career";History;Jim: Work, Family, and Time;Jim: İş, Aile ve Zaman
YDS Set 001;005-Joan (Joan);A1;"biography; technology; career";Science & Technology;Joan Learns New Technology at Work;Joan İş Yerinde Yeni Teknoloji Öğreniyor
YDS Set 001;006-Kate (Kate);A1;"family; jobs; daily life";Personal Stories & Human Interest;Kate's Busy Week;Kate'in Yoğun Haftası
YDS Set 001;007-Letter from Halima and Ahmed (Halima ve Ahmed'den Mektup);A1;"travel; letter; landmarks";Travel & Geography;A Letter from Halima and Ahmed: Discovering a New City;Halima ve Ahmed'den Mektup: Yeni Bir Şehri Keşfetmek
YDS Set 001;008-Letter from Pam (Pam'den Mektup);A1;"travel; jobs; letter";Travel & Geography;Pam's Letter: Starting Work in a New Place;Pam'in Mektubu: Yeni Bir Yerde İşe Başlamak
YDS Set 001;009-New York University (New York Üniversitesi);A1;"education; city life; location";Education;Studying at New York University;New York Üniversitesi'nde Öğrenim
YDS Set 001;010-Roland-Evi-Della (Roland-Evi-Della);A1;"biography; hobbies; sports";Sports;Friends, Hobbies, and Sport;Arkadaşlar, Hobiler ve Spor
YDS Set 001;011-The Garston Family (Garston Ailesi);A1;"family; pets; routine";Personal Stories & Human Interest;The Garston Family and Their Daily Routine;Garston Ailesi ve Günlük Düzenleri
YDS Set 001;012-The Old England Restaurant (Eski İngiltere Restoranı);A1;"food; dining; leisure";Food & Agriculture;The Old England Restaurant: Food, Service, and Atmosphere;Eski İngiltere Restoranı: Yemek, Hizmet ve Atmosfer
YDS Set 001;013-The Statue of Liberty (Özgürlük Heykeli);A1;"landmarks; tourism; history";Travel & Geography;The Statue of Liberty: A Symbol in New York Harbor;Özgürlük Heykeli: New York Limanı'nda Bir Sembol
YDS Set 001;014-University of London (Londra Üniversitesi);A1;"education; history; landmarks";History;The University of London: Learning Across a City;Londra Üniversitesi: Bir Şehir Boyunca Öğrenmek
YDS Set 001;015-Young Love (Genç Aşk);A1;"music; lifestyle; hobbies";Art, Music & Literature;Young Love, Music, and Identity;Genç Aşk, Müzik ve Kimlik
YDS Set 001;016-A Meeting (Bir Toplantı);A2;"business; introductions; dialogue";Work & Career Advice;A Productive Meeting;Verimli Bir Toplantı
YDS Set 001;017-Afghanistan’s deadly crop flourishes again (Afganistan'ın ölümcül ürünü yeniden gelişiyor);A2;"afghanistan; opium; drugs";Addiction & Substance Use;Afghanistan's Opium Economy: A Difficult Cycle;Afganistan'ın Afyon Ekonomisi: Zor Bir Döngü
YDS Set 001;018-Airline Security (Havayolu Güvenliği);A2;"airline; security; racism";Defense & Security;Airline Security: Protection and Fair Treatment;Havayolu Güvenliği: Koruma ve Adil Muamele
YDS Set 001;019-Alfred Hitchcock (Alfred Hitchcock);A2;"biography; cinema; history";History;Alfred Hitchcock and the Art of Suspense;Alfred Hitchcock ve Gerilim Sanatı
YDS Set 001;020-Cats (Kediler);A2;"animals; pets; history";Personal Stories & Human Interest;Cats: Companionship and Responsible Care;Kediler: Arkadaşlık ve Sorumlu Bakım
YDS Set 001;021-Charlie Chaplin (Charlie Chaplin);A2;"biography; cinema; history";History;Charlie Chaplin: Comedy in a Changing World;Charlie Chaplin: Değişen Bir Dünyada Komedi
YDS Set 001;022-Charlie Chaplin (Charlie Chaplin);A2;"cinema; biography";Art, Music & Literature;Charlie Chaplin as an Artist and Filmmaker;Bir Sanatçı ve Sinemacı Olarak Charlie Chaplin
YDS Set 001;023-Dreams (Rüyalar);A2;"sleep; dreams; psychology";Psychology & Health;Dreams: What Happens While We Sleep?;Rüyalar: Uyurken Ne Olur?
YDS Set 001;024-Elvis Presley (Elvis Presley);A2;"biography; music; fame";Art, Music & Literature;Elvis Presley and the Rise of Rock and Roll;Elvis Presley ve Rock'n Roll'un Yükselişi
YDS Set 001;025-Emotions and Thoughts (Duygular ve Düşünceler);A2;"psychology; emotions";Psychology & Health;Emotions and Thoughts: Understanding Our Reactions;Duygular ve Düşünceler: Tepkilerimizi Anlamak
YDS Set 001;026-FC Barcelona: More Than a Club (FC Barcelona: Bir Kulüpten Daha Fazlası);A2;"sports; football; culture";Sports;FC Barcelona: Sport, Identity, and Community;FC Barcelona: Spor, Kimlik ve Topluluk
YDS Set 001;027-Football: The World's Most Popular Sport (Futbol: Dünyanın En Popüler Sporu);A2;"sports; football; culture";Sports;Football: Why the World Plays the Same Game;Futbol: Dünya Neden Aynı Oyunu Oynuyor?
YDS Set 001;028-Giovanna Amati: One Fast Woman (Giovanna Amati: Hızlı Bir Kadın);A2;"sports; motor racing; determination";Sports;Giovanna Amati: Breaking Barriers in Motor Racing;Giovanna Amati: Motor Sporlarında Engelleri Aşmak
YDS Set 001;029-Going to Britain (İngiltere'ye Gidiş);A2;"travel; money; transport";Travel & Geography;Going to Britain: Planning a Practical Trip;Britanya'ya Gitmek: Pratik Bir Seyahat Planlamak
YDS Set 001;030-Grandmother's Glasses (Anneannenin Gözlüğü);A2;"story; childhood; family";Personal Stories & Human Interest;Grandmother's Glasses: A Small Family Mystery;Büyükannenin Gözlükleri: Küçük Bir Aile Gizemi
YDS Set 001;031-Home Sweet Home (Yuva Tatlı Yuva);A2;"housing; economy; lifestyle";Culture & Society;Home Sweet Home: Why Familiar Places Matter;Evim Güzel Evim: Tanıdık Mekânlar Neden Önemlidir?
YDS Set 001;032-Job Advertisements (İş İlanları);A2;"employment; jobs; skills";Work & Career Advice;How to Read a Job Advertisement;İş İlanı Nasıl Okunur?
YDS Set 001;033-Job Centre Leaflet (İş Merkezi Broşürü);A2;"work; job hunting; advice";Work & Career Advice;Using a Job Centre Effectively;İş Bulma Merkezini Etkili Kullanmak
YDS Set 001;034-Lebrat's Visit (Lebrat'ın Ziyareti);A2;"news; business; travel";Economics & Business;A Business Visit: Turning a Meeting into Cooperation;İş Ziyareti: Bir Toplantıyı İş Birliğine Dönüştürmek
YDS Set 001;035-Longleat House (Longleat Evi);A2;"architecture; tourism; history";History;Longleat House: Heritage as a Living Place;Longleat House: Yaşayan Bir Miras Alanı
YDS Set 001;036-Mahatma Gandhi (Mahatma Gandhi);A2;"biography; history; politics";History;Mahatma Gandhi and Nonviolent Political Action;Mahatma Gandhi ve Şiddetsiz Siyasal Eylem
YDS Set 001;037-Mammals (Memeliler);A2;"biology; nature; animals";Biology & Animals;Mammals: A Diverse Branch of Animal Life;Memeliler: Hayvan Yaşamının Çeşitli Bir Dalı
YDS Set 001;038-Men in Skirts (Etekli Erkekler);A2;"culture; history; clothing";Food & Agriculture;Clothing, Gender, and Cultural Tradition;Giyim, Cinsiyet ve Kültürel Gelenek
YDS Set 001;039-Ölüdeniz: Turkey's Blue Lagoon (Ölüdeniz: Türkiye'nin Mavi Lagünü);A2;"travel; geography; turkey";Travel & Geography;Ölüdeniz: Tourism and Care for a Blue Lagoon;Ölüdeniz: Mavi Lagünde Turizm ve Koruma
YDS Set 001;040-Parachuting (Paraşütle Atlama);A2;"sports; parachuting; skydiving";Sports;Parachuting: Training Before the Jump;Paraşütle Atlama: Atlayıştan Önce Eğitim
YDS Set 001;041-Picking Apples - A New England Tradition (Elma Toplamak - Bir New England Geleneği);A2;"lifestyle; nature; traditions";Culture & Society;Apple Picking: A New England Autumn Tradition;Elma Toplama: New England'da Bir Sonbahar Geleneği
YDS Set 001;042-Plaza Shopping Centre (Plaza Alışveriş Merkezi);A2;"shopping; facilities; lifestyle";Everyday Life & Consumption;Shopping Centres: Convenience and Choice;Alışveriş Merkezleri: Kolaylık ve Seçenek
YDS Set 001;043-San Francisco (San Francisco);A2;"cities; culture; tourism";Culture & Society;San Francisco: A City Shaped by Land and Water;San Francisco: Kara ve Suyun Şekillendirdiği Bir Şehir
YDS Set 001;044-Selton's Second Shopping Centre (Selton'un İkinci AVM'si);A2;"news; shopping; facilities";Everyday Life & Consumption;A Second Shopping Centre: Growth or Too Much Competition?;İkinci Bir Alışveriş Merkezi: Büyüme mi, Aşırı Rekabet mi?
YDS Set 001;045-Small Cars (Küçük Arabalar);A2;"technology; cars; future";Science & Technology;Small Cars in a Changing Transport System;Değişen Ulaşım Sisteminde Küçük Otomobiller
YDS Set 001;046-Space Hotels (Uzay Otelleri);A2;"technology; tourism; space";Science & Technology;Space Hotels: Tourism Beyond Earth;Uzay Otelleri: Dünya'nın Ötesinde Turizm
YDS Set 001;047-Super Tanker Disaster (Süper Tanker Felaketi);A2;"news; accidents; environment";Environment & Nature;Oil Tanker Accidents: Response, Recovery, and Prevention;Petrol Tankeri Kazaları: Müdahale, İyileştirme ve Önleme
YDS Set 001;048-Technology Pros and Cons (Teknolojinin Artıları ve Eksileri);A2;"technology; society";Science & Technology;Technology: Benefits, Risks, and Responsible Choices;Teknoloji: Yararlar, Riskler ve Sorumlu Tercihler
YDS Set 001;049-The Hebrides Islands (Hebrides Adalari);A2;"tourism; scotland; geography";Travel & Geography;The Hebrides: Island Life on Scotland's Atlantic Edge;Hebridler: İskoçya'nın Atlantik Kıyısında Ada Yaşamı
YDS Set 001;050-The International Hotel (Uluslararası Otel);A2;"accommodation; services; facilities";Everyday Life & Consumption;International Hotels: Serving Guests Across Cultures;Uluslararası Oteller: Farklı Kültürlerden Konuklara Hizmet
YDS Set 001;051-The Invention of the Telephone (Telefonun İcadı);A2;"history; technology; communication";Science & Technology;The Invention of the Telephone: From Experiment to Network;Telefonun İcadı: Deneyden İletişim Ağına
YDS Set 001;052-The Olympic Games (Olimpiyat Oyunları);A2;"sports; history; politics";Sports;The Olympic Games: Competition and International Ideals;Olimpiyat Oyunları: Rekabet ve Uluslararası İdealler
YDS Set 001;053-The Olympic Games (Olimpiyat Oyunları);A2;"sports; history; culture";Sports;The Olympic Games: Sport, Culture, and Shared Attention;Olimpiyat Oyunları: Spor, Kültür ve Ortak İlgi
YDS Set 001;054-The Virtual Beach but Real Fun (Sanal Plaj ama Gercek Eglence);A2;"leisure; tourism; japan";Travel & Geography;The Virtual Beach: Real Fun in a Simulated World;Sanal Plaj: Simüle Edilmiş Bir Dünyada Gerçek Eğlence
YDS Set 001;055-Tom's Diary (Tom'un Günlüğü);A2;"diary; school; lifestyle";Personal Stories & Human Interest;Tom's Diary: How Daily Writing Preserves Experience;Tom'un Günlüğü: Günlük Yazmak Deneyimi Nasıl Korur?
YDS Set 001;056-Transportation in Turkey (Türkiye'de Ulaşım);A2;"transport; economy; comparison";Travel & Geography;Transportation in Turkey: Connecting a Large and Varied Country;Türkiye'de Ulaşım: Büyük ve Çeşitli Bir Ülkeyi Birbirine Bağlamak
YDS Set 001;057-Various Advertisements (Çeşitli İlanlar);A2;"education; events; services";Education;Reading Advertisements Critically;Reklamları Eleştirel Okumak
YDS Set 001;058-Visiting Japan (Japonya'yı Ziyaret Etmek);A2;"travel; culture; lifestyle";Culture & Society;Visiting Japan: Respect, Preparation, and Discovery;Japonya'yı Ziyaret Etmek: Saygı, Hazırlık ve Keşif
YDS Set 001;059-William Shakespeare (William Shakespeare);A2;"biography; literature; history";History;William Shakespeare: Theatre, Language, and Lasting Influence;William Shakespeare: Tiyatro, Dil ve Kalıcı Etki
YDS Set 001;060-Winter: The Coldest Season (Kış: En Soğuk Mevsim);A2;"weather; seasons; nature";Environment & Nature;Winter: Life in the Coldest Season;Kış: En Soğuk Mevsimde Yaşam
YDS Set 001;061-World in Danger (Dünyamız Tehlikede);A2;"environment; conservation";Environment & Nature;A World in Danger: Protecting Shared Natural Systems;Tehlikedeki Dünya: Ortak Doğal Sistemleri Korumak
YDS Set 001;062-Young Communicators on the EU Path Competition (AB Yolunda Genç İletişimciler Yarışması);A2;"eu; youth; competition";Youth & Children;Young Communicators on the EU Path;AB Yolunda Genç İletişimciler
YDS Set 002;063-A Case for Safety (Güvenlik İçin Bir Dava);B1;"safety; traffic; society";Transportation & Vehicles;A Case for Safety: Preventing Everyday Accidents;Güvenlik İçin Bir Gerekçe: Günlük Kazaları Önlemek
YDS Set 002;064-A Good Life (İyi Bir Yaşam);B1;"culture; lifestyle; longevity";Culture & Society;A Good Life: More Than Money or Comfort;İyi Bir Yaşam: Para ve Rahatlıktan Daha Fazlası
YDS Set 002;065-A Healthy Diet for Everyone (Herkes İçin Sağlıklı Bir Diyet);B1;"health; food; lifestyle";Psychology & Health;A Healthy Diet for Everyone;Herkes İçin Sağlıklı Beslenme
YDS Set 002;066-A Land of Immigrants (Bir Göçmenler Ülkesi);B1;"history; immigration; USA";History;A Land of Immigrants: Migration and the Making of Society;Göçmenler Ülkesi: Göç ve Toplumun Oluşumu
YDS Set 002;067-Aborigines: The Native Australians (Aborijinler: Yerli Avustralyalılar);B1;"history; culture; anthropology";Food & Agriculture;Aboriginal Australians: The World's Oldest Continuing Cultures;Aborjin Avustralyalılar: Dünyanın En Eski Süregelen Kültürlerinden Biri
YDS Set 002;068-Aktekke Mosque (Aktekke Camii);B1;"history; architecture; religion";History;Aktekke Mosque: Architecture, Worship, and Urban Memory;Aktekke Camii: Mimari, İbadet ve Kentsel Hafıza
YDS Set 002;069-All You Want to Learn about Corn (Mısır Hakkında Öğrenmek İstediğiniz Her Şey);B1;"agriculture; food; science";Food & Agriculture;Corn: From Field to Food and Industry;Mısır: Tarladan Gıdaya ve Sanayiye
YDS Set 002;070-Ancient Artifacts and Ancient Air (Antik Eserler ve Antik Hava);B1;"archaeology; history; science";History;Ancient Artifacts: What Objects Can Tell Us About the Past;Antik Eserler: Nesneler Geçmiş Hakkında Ne Anlatabilir?
YDS Set 002;071-Animals (Hayvanlar);B1;"animals; nature; appreciation";Biology & Animals;Animals: Diversity, Adaptation, and Survival;Hayvanlar: Çeşitlilik, Uyum ve Hayatta Kalma
YDS Set 002;072-Animals: Blessings of Nature (Hayvanlar: Doğanın Nimettleri);B1;"nature; animals; environment";Environment & Nature;Animals as Essential Partners in Ecosystems;Ekosistemlerin Vazgeçilmez Ortakları Olarak Hayvanlar
YDS Set 002;073-Astrology: A System of Belief (Astroloji: Bir İnanç Sistemi);B1;"astrology; culture; belief systems";Astrology & Belief Systems;Astrology: Cultural Meaning and Scientific Evidence;Astroloji: Kültürel Anlam ve Bilimsel Kanıt
YDS Set 002;074-Attitudes towards Money (Paraya Karşı Tutumlar);B1;"psychology; money; saving";Psychology & Health;Attitudes toward Money: Security, Status, and Choice;Paraya Yönelik Tutumlar: Güvenlik, Statü ve Tercih
YDS Set 002;075-Base-Jumping (Base-Atlama);B1;"sports; extreme sports; base-jumping";Sports;BASE Jumping: Extreme Sport and Narrow Safety Margins;BASE Jumping: Ekstrem Spor ve Dar Güvenlik Payları
YDS Set 002;076-Beating The Bullies (Zorbaları Yenmek);B1;"psychology; bullying; children";Youth & Children;Beating the Bullies: Prevention, Support, and School Culture;Zorbalıkla Mücadele: Önleme, Destek ve Okul Kültürü
YDS Set 002;077-Blue-Jeans (Kot Pantolon);B1;"fashion; history; business";History;Blue Jeans: From Workwear to Global Fashion;Mavi Kot Pantolon: İş Giysisinden Küresel Modaya
YDS Set 002;078-Breast Cancer (Meme Kanseri);B1;"health; cancer";Health & Medicine;Breast Cancer: Awareness, Detection, and Treatment;Meme Kanseri: Farkındalık, Tanı ve Tedavi
YDS Set 002;079-Cities in the Sea (Denizdeki Şehirler);B1;"future; population; environment";Environment & Nature;Cities in the Sea: Engineering for a Crowded Coast;Denizde Şehirler: Kalabalık Kıyılar İçin Mühendislik
YDS Set 002;080-Climber Fights For Life On Mountain (Dağcı Dağda Hayatı İçin Savaşıyor);B1;"sports; mountaineering; survival";Sports;Mountain Rescue: When a Climber's Life Depends on Decisions;Dağ Kurtarma: Bir Dağcının Yaşamı Kararlara Bağlı Olduğunda
YDS Set 002;081-Comets (Kuyruklu Yıldızlar);B1;"astronomy; science; space";Astronomy & Space;Comets: Icy Visitors to the Inner Solar System;Kuyruklu Yıldızlar: İç Güneş Sisteminin Buzlu Ziyaretçileri
YDS Set 002;082-Corn (Mısır);B1;"agriculture; food; history";Food & Agriculture;Corn Through History: A Crop Shaped by People;Tarih Boyunca Mısır: İnsanların Şekillendirdiği Bir Ürün
YDS Set 002;083-Culture Shock! (Kültür Şoku!);B1;"culture; cultural differences; culture shock";Culture & Society;Culture Shock: Learning to Live with Unfamiliar Rules;Kültür Şoku: Tanıdık Olmayan Kurallarla Yaşamayı Öğrenmek
YDS Set 002;084-Demand for beef speeds destruction of Amazon forest (Sığır eti talebi Amazon ormanının yıkımını hızlandırıyor);B1;"environment; amazon; deforestation";Environment & Nature;Beef Demand and Amazon Deforestation;Sığır Eti Talebi ve Amazon Ormansızlaşması
YDS Set 002;085-Diana, Princess of Wales: The People's Princess (Galler Prensesi Diana: Halkın Prensesi);B1;"biography; royalty; history";History;Diana, Princess of Wales: Public Life and Humanitarian Influence;Galler Prensesi Diana: Kamusal Yaşam ve İnsani Etki
YDS Set 002;086-Disabled at Work Project Wins European Award (Engelliler Çalışıyor Projesi'ne Avrupa Ödülü);B1;"disability; employment; awards";Disability & Social Rights;Disabled at Work: Building Inclusive Employment;İş Yaşamında Engellilik: Kapsayıcı İstihdam Oluşturmak
YDS Set 002;087-Downhill All The Way - To Casualty (Tam Gaz Aşağı - Hastaneye Kadar);B1;"sports; cycling; mountain biking";Sports;Downhill All the Way: Speed, Skill, and Injury Risk;Yokuş Aşağı Sonuna Kadar: Hız, Beceri ve Yaralanma Riski
YDS Set 002;088-Earthquake Prediction (Deprem Tahmini);B1;"science; earthquakes; prediction";Science & Technology;Earthquake Prediction: What Science Can and Cannot Do;Deprem Tahmini: Bilimin Yapabildikleri ve Yapamadıkları
YDS Set 002;089-Future of Rail Transport (Demiryolu Taşımacılığının Geleceği);B1;"transport; UK; infrastructure";Travel & Geography;The Future of Rail Transport;Demiryolu Ulaşımının Geleceği
YDS Set 002;090-Gandhi Indian Restaurant (Gandhi Hint Restoranı);B1;"food; restaurant; business";Economics & Business;An Indian Restaurant: Food, Service, and Cultural Adaptation;Bir Hint Restoranı: Yemek, Hizmet ve Kültürel Uyum
YDS Set 002;091-Giovanna Amati: One Fast Woman (Giovanna Amati: Hızlı Bir Kadın);B1;"sport; motor racing; biography";Sports;Giovanna Amati: Talent, Opportunity, and Racing Careers;Giovanna Amati: Yetenek, Fırsat ve Yarış Kariyeri
YDS Set 002;092-Growing Up (Büyümek);B1;"psychology; family; adolescence";Psychology & Health;Growing Up: Change, Independence, and Responsibility;Büyümek: Değişim, Bağımsızlık ve Sorumluluk
YDS Set 002;093-Hair Loss: Causes and Prevalence (Saç Dökülmesi: Nedenleri ve Yaygınlığı);B1;"health; medicine; biology";Health & Medicine;Hair Loss: Causes, Patterns, and Practical Responses;Saç Dökülmesi: Nedenler, Örüntüler ve Pratik Yaklaşımlar
YDS Set 002;094-Halley's Comet (Halley Kuyruklu Yıldızı);B1;"astronomy; space; science";Astronomy & Space;Halley's Comet: A Predictable Visitor from Deep Space;Halley Kuyruklu Yıldızı: Derin Uzaydan Öngörülebilir Bir Ziyaretçi
YDS Set 002;095-Harrods: A Different World (Harrods: Farklı Bir Dünya);B1;"shopping; business; retail";Economics & Business;Harrods: Retail, Luxury, and the Department Store Experience;Harrods: Perakende, Lüks ve Büyük Mağaza Deneyimi
YDS Set 002;096-High-Rise (Yüksek Binalar);B1;"urban life; architecture; society";Culture & Society;High-Rise Buildings: Building Upward in Dense Cities;Yüksek Katlı Binalar: Yoğun Şehirlerde Yukarı Doğru İnşa Etmek
YDS Set 002;097-How New York Began (New York Nasil Basladi);B1;"history; usa; geography";History;How New York Began: From Harbor Settlement to Global City;New York Nasıl Başladı: Liman Yerleşiminden Küresel Kente
YDS Set 002;098-Indigenous Australia (Yerli Avustralya);B1;"culture; history; Australia";Food & Agriculture;Indigenous Australia: Country, Culture, and Continuing Rights;Yerli Avustralya: Toprak, Kültür ve Süregelen Haklar
YDS Set 002;099-Inflation (Enflasyon);B1;"economics; inflation; economy";Economics & Business;Inflation: Why Prices Rise and Why It Matters;Enflasyon: Fiyatlar Neden Yükselir ve Neden Önemlidir?
YDS Set 002;100-Internet as News Source (İnternet Haber Kaynağı);B1;"internet; media; news";Media & Communication;The Internet as a News Source: Speed, Access, and Verification;Haber Kaynağı Olarak İnternet: Hız, Erişim ve Doğrulama
YDS Set 002;101-Istanbul Prepares for the EU: Town-Twinning Programme (İstanbul AB'ye Hazırlanıyor: Şehir Eşleştirme Programı);B1;"eu; turkey; local government";Politics & Government;Istanbul Prepares for the EU: Town-Twinning Programme;İstanbul AB'ye Hazırlanıyor: Şehir Eşleştirme Programı
YDS Set 002;102-Japanese Culture (Japon Kültürü);B1;"culture; food; clothing";Food & Agriculture;Japanese Culture;Japon Kültürü
YDS Set 002;103-Kings Of The Road (Yolun Kralları);B1;"sports; cycling; Tour de France";Sports;Kings Of The Road;Yolun Kralları
YDS Set 002;104-Koreans succeed in cloning human embryos (Koreliler insan embriyolarını klonlamayı başardı);B1;"cloning; science; medicine";Science & Technology;Koreans succeed in cloning human embryos;Koreliler insan embriyolarını klonlamayı başardı
YDS Set 002;105-Kwanzaa (Kwanzaa);B1;"culture; festivals; traditions";Culture & Society;Kwanzaa;Kwanzaa
YDS Set 002;106-Land Use (Arazi Kullanımı);B1;"environment; geography; urban planning";Travel & Geography;Land Use;Arazi Kullanımı
YDS Set 002;107-Lanzarote (Lanzarote);B1;"geography; environment; tourism";Travel & Geography;Lanzarote;Lanzarote
YDS Set 002;108-Left-Handedness (Solaklık);B1;"biology; society; psychology";Biology & Animals;Left-Handedness;Solaklık
YDS Set 002;109-Liberia Health Sector (Liberya Sağlık Sektörü);B1;"health; post-war; Liberia";Psychology & Health;Liberia Health Sector;Liberya Sağlık Sektörü
YDS Set 002;110-Life on Mars (Mars'ta Yaşam);B1;"astronomy; science; space";Astronomy & Space;Life on Mars;Mars'ta Yaşam
YDS Set 002;111-Maisie's Amazing Menagerie (Maisie'nin İnanılmaz Hayvan Koleksiyonu);B1;"animals; pets; news";Biology & Animals;Maisie's Amazing Menagerie;Maisie'nin İnanılmaz Hayvan Koleksiyonu
YDS Set 002;112-Making Your Workplace Safer (İşyerinizi Daha Güvenli Yapmak);B1;"work; safety; health";Work & Career Advice;Making Your Workplace Safer;İşyerinizi Daha Güvenli Yapmak
YDS Set 002;113-Marketing (Pazarlama);B1;"business; marketing; advertising";Economics & Business;Marketing;Pazarlama
YDS Set 002;114-Modern Medicine (Modern Tıp);B1;"health; medicine; technology";Health & Medicine;Modern Medicine;Modern Tıp
YDS Set 002;115-Nelson Mandela: A Life of Freedom (Nelson Mandela: Özgürlük Dolu Bir Hayat);B1;"biography; history; politics";History;Nelson Mandela: A Life of Freedom;Nelson Mandela: Özgürlük Dolu Bir Hayat
YDS Set 002;116-Niagara (Niagara);B1;"tourism; nature; usa";Environment & Nature;Niagara;Niagara
YDS Set 002;117-Pandas (Pandalar);B1;"animals; nature; biology";Biology & Animals;Pandas;Pandalar
YDS Set 002;118-Parachuting (Paraşütle Atlama);B1;"sport; adventure; training";Sports;Parachuting;Paraşütle Atlama
YDS Set 002;119-Paragliding (Yamaç Paraşütü);B1;"sports; extreme sports; paragliding";Sports;Paragliding;Yamaç Paraşütü
YDS Set 002;120-Pompeii (Pompei);B1;"history; volcano; disaster";History;Pompeii;Pompei
YDS Set 002;121-Radiation Pills for Families (Aileler İçin Radyasyon Önleyici Haplar);B1;"health; nuclear; safety";Work & Career Advice;Radiation Pills for Families;Aileler İçin Radyasyon Önleyici Haplar
YDS Set 002;122-Ramadan Sharing (Ramazan Paylaşımı);B1;"religion; culture; brotherhood";Religion & Belief;Ramadan Sharing;Ramazan Paylaşımı
YDS Set 002;123-Ramadan Spirit (Ramazan Ruhu);B1;"religion; culture; Turkey";Culture & Society;Ramadan Spirit;Ramazan Ruhu
YDS Set 002;124-Role Model (Rol Model);B1;"biography; inspiration";History;Role Model;Rol Model
YDS Set 002;125-Sharks (Köpekbaliklari);B1;"animals; ocean; biology";Biology & Animals;Sharks;Köpekbaliklari
YDS Set 002;126-Spare a tear for Argentina (Arjantin için bir gözyaşı dökün);B1;"argentina; economy; crisis";Culture & Society;Spare a tear for Argentina;Arjantin için bir gözyaşı dökün
YDS Set 002;127-Speed Kills (Hız Öldürür);B1;"society; transport; safety";Transportation & Vehicles;Speed Kills;Hız Öldürür
YDS Set 002;128-Speed Limit (Hız Limiti);B1;"traffic; safety; law";Transportation & Vehicles;Speed Limit;Hız Limiti
YDS Set 002;129-Staying Underwater (Sualtında Kalmak);B1;"history; invention; diving";History;Staying Underwater;Sualtında Kalmak
YDS Set 002;130-Telescope Sites (Teleskop Yerleri);B1;"science; astronomy; space";Astronomy & Space;Telescope Sites;Teleskop Yerleri
YDS Set 002;131-The Apple: A Journey from Central Asia to the World (Elma: Orta Asya'dan Dünyaya Bir Yolculuk);B1;"food; history; agriculture";Food & Agriculture;The Apple: A Journey from Central Asia to the World;Elma: Orta Asya'dan Dünyaya Bir Yolculuk
YDS Set 002;132-The Arctic Fox (Kutup Tilkisi);B1;"animals; nature; arctic";Biology & Animals;The Arctic Fox;Kutup Tilkisi
YDS Set 002;133-The Australian Aborigines (Avustralya Aborijinleri);B1;"history; culture; society";Culture & Society;The Australian Aborigines;Avustralya Aborijinleri
YDS Set 002;134-The Common Cold (Soğuk Algınlığı);B1;"health; medicine; disease";Health & Medicine;The Common Cold;Soğuk Algınlığı
YDS Set 002;135-The Concept of Martyrdom (Şehitlik Kavramı);B1;"religion; culture; ethics";Religion & Belief;The Concept of Martyrdom;Şehitlik Kavramı
YDS Set 002;136-The Egyptian Pyramids (Mısır Piramitleri);B1;"history; archaeology; culture";History;The Egyptian Pyramids;Mısır Piramitleri
YDS Set 002;137-The Egyptian Pyramids: Tombs of the Pharaohs (Mısır Piramitleri: Firavunların Mezarları);B1;"history; ancient egypt; architecture";History;The Egyptian Pyramids: Tombs of the Pharaohs;Mısır Piramitleri: Firavunların Mezarları
YDS Set 002;138-The Healing Power of Music (Müziğin İyileştirici Gücü);B1;"health; music; therapy";Psychology & Health;The Healing Power of Music;Müziğin İyileştirici Gücü
YDS Set 002;139-The High-flyer (Yüksekten Uçan);B1;"sports; extreme sports; BASE jumping";Sports;The High-flyer;Yüksekten Uçan
YDS Set 002;140-The Importance of Rainforests (Yağmur Ormanlarının Önemi);B1;"nature; environment; ecology";Environment & Nature;The Importance of Rainforests;Yağmur Ormanlarının Önemi
YDS Set 002;141-The Meaning and Practice of Qurbani (Kurban'ın Anlamı ve Uygulanışı);B1;"religion; islam; culture";Religion & Belief;The Meaning and Practice of Qurbani;Kurban'ın Anlamı ve Uygulanışı
YDS Set 002;142-The Milky Way (Samanyolu);B1;"astronomy; science; space";Astronomy & Space;The Milky Way;Samanyolu
YDS Set 002;143-The Mystery of Sleep (Uykunun Gizemi);B1;"biology; psychology; health";Psychology & Health;The Mystery of Sleep;Uykunun Gizemi
YDS Set 002;144-The Olympics (Olimpiyatlar);B1;"history; sports; Olympics";Sports;The Olympics;Olimpiyatlar
YDS Set 002;145-The Origins of the Moon (Ay'ın Kökenleri);B1;"astronomy; science; space";Astronomy & Space;The Origins of the Moon;Ay'ın Kökenleri
YDS Set 002;146-The Rebirth of the Feminist Movement (Feminist Hareketin Yeniden Doğuşu);B1;"society; feminism; women";Women's Studies & Feminism;The Rebirth of the Feminist Movement;Feminist Hareketin Yeniden Doğuşu
YDS Set 002;147-The Scorpion: A Creature of Hot Climates (Akrep: Sıcak İklimlerin Yaratığı);B1;"biology; animals; nature";Biology & Animals;The Scorpion: A Creature of Hot Climates;Akrep: Sıcak İklimlerin Yaratığı
YDS Set 002;148-The Timeless Air of Old Istanbul (Eski İstanbul'un Zamansız Havası);B1;"travel; culture; history";Food & Agriculture;The Timeless Air of Old Istanbul;Eski İstanbul'un Zamansız Havası
YDS Set 002;149-The Yanomami of the Amazon (Amazon'un Yanomamileri);B1;"anthropology; nature; indigenous";Anthropology & Archaeology;The Yanomami of the Amazon;Amazon'un Yanomamileri
YDS Set 002;150-Tolerance Culture (Hoşgörü Kültürü);B1;"culture; tolerance; Turkey";Culture & Society;Tolerance Culture;Hoşgörü Kültürü
YDS Set 002;151-Travel and Tourism (Seyahat ve Turizm);B1;"travel; tourism; economy";Travel & Geography;Travel and Tourism;Seyahat ve Turizm
YDS Set 002;152-Travel Insurance (Seyahat Sigortası);B1;"travel; insurance; safety";Travel & Geography;Travel Insurance;Seyahat Sigortası
YDS Set 002;153-Travellers' Tales (Gezginlerin Hikayeleri);B1;"travel; humour; stories";Travel & Geography;Travellers' Tales;Gezginlerin Hikayeleri
YDS Set 002;154-Turkey and Macedonia Sign Cooperation Protocol (Türkiye ve Makedonya'dan İşbirliği Protokolü);B1;"politics; international relations; turkey";Politics & Government;Turkey and Macedonia Sign Cooperation Protocol;Türkiye ve Makedonya'dan İşbirliği Protokolü
YDS Set 002;155-Understanding Computer Databases (Bilgisayar Veri Tabanlarını Anlamak);B1;"technology; computers; data";Science & Technology;Understanding Computer Databases;Bilgisayar Veri Tabanlarını Anlamak
YDS Set 002;156-Understanding Drought (Kuraklığı Anlamak);B1;"environment; weather; science";Environment & Nature;Understanding Drought;Kuraklığı Anlamak
YDS Set 002;157-Venus (Venüs);B1;"astronomy; science; space";Astronomy & Space;Venus;Venüs
YDS Set 002;158-Videos for Kids: Fun Yes - Facts Yes - Violence No (Çocuklar İçin Videolar: Eğlence Evet - Bilgi Evet - Şiddet Hayır);B1;"education; media; children";Education;Videos for Kids: Fun Yes - Facts Yes - Violence No;Çocuklar İçin Videolar: Eğlence Evet - Bilgi Evet - Şiddet Hayır
YDS Set 002;159-What A Good Idea (Ne İyi Bir Fikir);B1;"technology; inventions; patents";Science & Technology;What A Good Idea;Ne İyi Bir Fikir
YDS Set 002;160-Where to Invest Your Money (Paranızı Nereye Yatırmalı);B1;"finance; investment; saving";Economics & Business;Where to Invest Your Money;Paranızı Nereye Yatırmalı
YDS Set 002;161-Women's Colleges (Kadın Kolejleri);B1;"education; women; history";Women's Studies & Feminism;Women's Colleges;Kadın Kolejleri
YDS Set 002;162-Young Women in Extreme Sports (Ekstrem Sporlarda Genç Kadınlar);B1;"sports; extreme sports; gender";Sports;Young Women in Extreme Sports;Ekstrem Sporlarda Genç Kadınlar
YDS Set 002;163-Your Helping Hand Can Turn Despair Into Hope (Yardım Eliniz Umutsuzluğu Umuda Dönüştürebilir);B1;"charity; poverty; development";Youth & Children;Your Helping Hand Can Turn Despair Into Hope;Yardım Eliniz Umutsuzluğu Umuda Dönüştürebilir
YDS Set 003;164-A Year of Ups and Downs: 2012 in Review (Acısıyla Tatlısıyla 2012 Yılı);B2;"current affairs; politics; economics";Politics & Government;A Year of Ups and Downs: 2012 in Review;Acısıyla Tatlısıyla 2012 Yılı
YDS Set 003;165-Aamir Khan: A Bollywood Icon (Aamir Khan: Bir Bollywood İkonu);B2;"cinema; biography; india";Art, Music & Literature;Aamir Khan: A Bollywood Icon;Aamir Khan: Bir Bollywood İkonu
YDS Set 003;166-Advertising (Reklamcılık);B2;"marketing; consumer";Economics & Business;Advertising;Reklamcılık
YDS Set 003;167-Architectural Innovations and Sustainable Urban Development in the 21st Century (21. Yüzyılda Mimari Yenilikler ve Sürdürülebilir Kentsel Gelişim);B2;"architecture; urban planning; environment";Architecture & Urban Planning;Architectural Innovations and Sustainable Urban Development in the 21st Century;21. Yüzyılda Mimari Yenilikler ve Sürdürülebilir Kentsel Gelişim
YDS Set 003;168-Barasana Indians of the Vaupes (Vaupes'in Barasana Yerlileri);B2;"indigenous; anthropology; culture";Anthropology & Archaeology;Barasana Indians of the Vaupes;Vaupes'in Barasana Yerlileri
YDS Set 003;169-Beyond Drugs (İlaçların Ötesinde);B2;"health; medicine; epilepsy";Health & Medicine;Beyond Drugs;İlaçların Ötesinde
YDS Set 003;170-BGM: More Than It Seems (Arka Plan Müziği: Göründüğünden Daha Fazlası);B2;"music; psychology; consumer behavior";Art, Music & Literature;BGM: More Than It Seems;Arka Plan Müziği: Göründüğünden Daha Fazlası
YDS Set 003;171-Biological Clocks (Biyolojik Saatler);B2;"biology; science";Science & Technology;Biological Clocks;Biyolojik Saatler
YDS Set 003;172-Children and Learning (Çocuklar ve Öğrenme);B2;"education; children; learning";Education;Children and Learning;Çocuklar ve Öğrenme
YDS Set 003;173-Choosing a Career (Kariyer Seçimi);B2;"work; career; psychology";Economics & Business;Choosing a Career;Kariyer Seçimi
YDS Set 003;174-Columbus's Voyage To America (Kolomb'un Amerika'ya Yolculuğu);B2;"history; Columbus; America";History;Columbus's Voyage To America;Kolomb'un Amerika'ya Yolculuğu
YDS Set 003;175-Comets (Kuyruklu Yıldızlar);B2;"astronomy; space; science";Astronomy & Space;Comets;Kuyruklu Yıldızlar
YDS Set 003;176-Communication and Culture (İletişim ve Kültür);B2;"culture; communication; ethnocentrism";Linguistics & Communication;Communication and Culture;İletişim ve Kültür
YDS Set 003;177-Computers (Bilgisayarlar);B2;"technology; computers; emotion recognition";Science & Technology;Computers;Bilgisayarlar
YDS Set 003;178-Cooperative Education (Kooperatif Eğitim);B2;"education; work; university";Education;Cooperative Education;Kooperatif Eğitim
YDS Set 003;179-Creative Process (Yaratıcılık Süreci);B2;"creativity; writing; art";Art, Music & Literature;Creative Process;Yaratıcılık Süreci
YDS Set 003;180-Crimes (Suçlar);B2;"society; law; justice";Law & Crime;Crimes;Suçlar
YDS Set 003;181-Data Encryptation (Veri Şifreleme);B2;"technology; security; computers";Science & Technology;Data Encryptation;Veri Şifreleme
YDS Set 003;182-DDT (DDT);B2;"environment; pollution; science";Environment & Nature;DDT;DDT
YDS Set 003;183-Deforestation and Erosion (Ormansızlaşma ve Erozyon);B2;"environment; ecology";Environment & Nature;Deforestation and Erosion;Ormansızlaşma ve Erozyon
YDS Set 003;184-Democracy: A Form of Governance (Demokrasi: Bir Yönetim Biçimi);B2;"politics; democracy; government";Politics & Government;Democracy: A Form of Governance;Demokrasi: Bir Yönetim Biçimi
YDS Set 003;185-Desert Plants (Çöl Bitkileri);B2;"biology; plants; nature";Biology & Animals;Desert Plants;Çöl Bitkileri
YDS Set 003;186-Development and Third World (Kalkınma ve Üçüncü Dünya);B2;"economics; development";Economics & Business;Development and Third World;Kalkınma ve Üçüncü Dünya
YDS Set 003;187-Disaster at Sea (Denizde Felaket);B2;"rescue; safety; UK";Defense & Security;Disaster at Sea;Denizde Felaket
YDS Set 003;188-Disasters in the Third World (Üçüncü Dünyada Felaketler);B2;"world issues; poverty; disaster";Environment & Nature;Disasters in the Third World;Üçüncü Dünyada Felaketler
YDS Set 003;189-Distilling Oil (Petrol Damıtma);B2;"science; energy; industry";Energy & Resources;Distilling Oil;Petrol Damıtma
YDS Set 003;190-Distribution of Nutrients in Plants (Bitkilerde Besin Dağılımı);B2;"biology; science; plants";Biology & Animals;Distribution of Nutrients in Plants;Bitkilerde Besin Dağılımı
YDS Set 003;191-Double Glazing (Çift Cam);B2;"home; energy; DIY";Energy & Resources;Double Glazing;Çift Cam
YDS Set 003;192-Downtown Fire Survivor (Şehir Merkezi Yangınından Kurtulan);B2;"news; disaster; human interest";Media & Communication;Downtown Fire Survivor;Şehir Merkezi Yangınından Kurtulan
YDS Set 003;193-Dreams (Rüyalar);B2;"psychology; sleep; dreams";Psychology & Health;Dreams;Rüyalar
YDS Set 003;194-Dry Food (Kuru Gıda);B2;"food; science; preservation";Science & Technology;Dry Food;Kuru Gıda
YDS Set 003;195-Dynamite (Dinamit);B2;"science; history; technology";Science & Technology;Dynamite;Dinamit
YDS Set 003;196-Earthquake Prediction (Deprem Tahmini);B2;"science; geology; earthquakes";Environment & Nature;Earthquake Prediction;Deprem Tahmini
YDS Set 003;197-Earthquakes (Depremler);B2;"science; geology; natural disaster";Environment & Nature;Earthquakes;Depremler
YDS Set 003;198-E-books E-merge (E-kitaplar Ortaya Çıkıyor);B2;"technology; e-books; publishing";Science & Technology;E-books E-merge;E-kitaplar Ortaya Çıkıyor
YDS Set 003;199-Ecosystems (Ekosistemler);B2;"ecology; environment; science";Environment & Nature;Ecosystems;Ekosistemler
YDS Set 003;200-Educational Standards (Eğitim Standartları);B2;"education; society; parenting";Education;Educational Standards;Eğitim Standartları
YDS Set 003;201-Electric Shocks (Elektrik Çarpmaları);B2;"safety; electricity; science";Science & Technology;Electric Shocks;Elektrik Çarpmaları
YDS Set 003;202-Elements (Elementler);B2;"science; chemistry; atoms";Science & Technology;Elements;Elementler
YDS Set 003;203-Endangered Species (Nesli Tükenmekte Olan Türler);B2;"animals; nature; environment";Environment & Nature;Endangered Species;Nesli Tükenmekte Olan Türler
YDS Set 003;204-Energy (Enerji);B2;"energy; environment; technology";Environment & Nature;Energy;Enerji
YDS Set 003;205-Enough! (Yeter!);B2;"economics; consumerism; simplicity";Economics & Business;Enough!;Yeter!
YDS Set 003;206-Environment & Society (Çevre ve Toplum);B2;"environment; society; sustainability";Environment & Nature;Environment & Society;Çevre ve Toplum
YDS Set 003;207-EU Health Costs (AB Sağlık Masrafları);B2;"health; economics; EU";Psychology & Health;EU Health Costs;AB Sağlık Masrafları
YDS Set 003;208-EU in Latin America (AB Latin Amerika'da);B2;"EU; democracy; Latin America";Politics & Government;EU in Latin America;AB Latin Amerika'da
YDS Set 003;209-EU Pressure on Greece (AB'nin Yunanistan'a Baskısı);B2;"EU; economics; Greece";Economics & Business;EU Pressure on Greece;AB'nin Yunanistan'a Baskısı
YDS Set 003;210-Europe's Leadership and Turkey's Future (Avrupa'nın Liderliği ve Türkiye'nin Geleceği);B2;"politics; eu; turkey";Politics & Government;Europe's Leadership and Turkey's Future;Avrupa'nın Liderliği ve Türkiye'nin Geleceği
YDS Set 003;211-Expressing Feelings (Duyguları İfade Etmek);B2;"emotions; psychology";Psychology & Health;Expressing Feelings;Duyguları İfade Etmek
YDS Set 003;212-Fall of the Mediterranean (Akdeniz'in Çöküşü);B2;"environment; pollution; sea";Environment & Nature;Fall of the Mediterranean;Akdeniz'in Çöküşü
YDS Set 003;213-Fashion: The Art Of The Body (Moda: Vücudun Sanatı);B2;"culture; fashion; body decoration";Fashion & Clothing;Fashion: The Art Of The Body;Moda: Vücudun Sanatı
YDS Set 003;214-Felt Image (Hissedilen İmge);B2;"psychology; body; perception";Psychology & Health;Felt Image;Hissedilen İmge
YDS Set 003;215-Food (Gıda);B2;"agriculture; environment; technology";Environment & Nature;Food;Gıda
YDS Set 003;216-Food Aid (Gıda Yardımı);B2;"world issues; poverty; food";Food & Agriculture;Food Aid;Gıda Yardımı
YDS Set 003;217-Food for the Starving (Açlar İçin Yiyecek);B2;"food; poverty; world issues";Food & Agriculture;Food for the Starving;Açlar İçin Yiyecek
YDS Set 003;218-Fossil Fuels (Fosil Yakıtlar);B2;"energy; environment; natural resources";Environment & Nature;Fossil Fuels;Fosil Yakıtlar
YDS Set 003;219-Fresh Water (Tatlı Su);B2;"environment; water; science";Environment & Nature;Fresh Water;Tatlı Su
YDS Set 003;220-Galdikas and Orangutans (Galdikas ve Orangutanlar);B2;"animals; environment; science";Environment & Nature;Galdikas and Orangutans;Galdikas ve Orangutanlar
YDS Set 003;221-Genetic Factors in Obesity (Obezitede Genetik Faktörler);B2;"health; science; genetics";Science & Technology;Genetic Factors in Obesity;Obezitede Genetik Faktörler
YDS Set 003;222-Genetic Geography (Genetik Coğrafya);B2;"science; genetics; human genome";Science & Technology;Genetic Geography;Genetik Coğrafya
YDS Set 003;223-Gentle Giants of the Earth (Yerlerin nazik devleri);B2;"animals; nature; africa";Biology & Animals;Gentle Giants of the Earth;Yerlerin nazik devleri
YDS Set 003;224-Ghosts (Hayaletler);B2;"paranormal; story; mystery";Paranormal & Mystery;Ghosts;Hayaletler
YDS Set 003;225-Global Warming (Küresel Isınma);B2;"environment; science; weather";Environment & Nature;Global Warming;Küresel Isınma
YDS Set 003;226-Global Warming (Küresel Isınma);B2;"environment; climate change; science";Environment & Nature;Global Warming;Küresel Isınma
YDS Set 003;227-Gregory Mendel (Gregor Mendel);B2;"science; biology; genetics";Science & Technology;Gregory Mendel;Gregor Mendel
YDS Set 003;228-Happiness is a Choice (Mutluluk Bir Seçimdir);B2;"happiness; life; psychology";Psychology & Health;Happiness is a Choice;Mutluluk Bir Seçimdir
YDS Set 003;229-Healthy Eating for Diabetics (Diyabetikler İçin Sağlıklı Beslenme);B2;"health; disease; diet";Health & Medicine;Healthy Eating for Diabetics;Diyabetikler İçin Sağlıklı Beslenme
YDS Set 003;230-Heat-waves (Isı Dalgaları);B2;"science; botany; climate";Environment & Nature;Heat-waves;Isı Dalgaları
YDS Set 003;231-Henry Ford (Henry Ford);B2;"biography; Henry Ford; automobile";History;Henry Ford;Henry Ford
YDS Set 003;232-History of Astronomy (Astronomi Tarihi);B2;"astronomy; science; history";Astronomy & Space;History of Astronomy;Astronomi Tarihi
YDS Set 003;233-History of Farming (Tarım Tarihi);B2;"history; agriculture; society";Food & Agriculture;History of Farming;Tarım Tarihi
YDS Set 003;234-History of Space Travel (Uzay Seyahati Tarihi);B2;"space; science; history";Astronomy & Space;History of Space Travel;Uzay Seyahati Tarihi
YDS Set 003;235-Hospital Conditions (Hastane Koşulları);B2;"health; social issues";Psychology & Health;Hospital Conditions;Hastane Koşulları
YDS Set 003;236-How Crucial Is Dreaming? (Rüya Görmek Ne Kadar Önemli?);B2;"psychology; sleep; dreams";Psychology & Health;How Crucial Is Dreaming?;Rüya Görmek Ne Kadar Önemli?
YDS Set 003;237-How Memory Works (Hafıza Nasıl Çalışır);B2;"psychology; brain; science";Psychology & Health;How Memory Works;Hafıza Nasıl Çalışır
YDS Set 003;238-How to be a Happier Mother (Daha Mutlu Bir Anne Nasıl Olunur);B2;"parenting; psychology; health";Psychology & Health;How to be a Happier Mother;Daha Mutlu Bir Anne Nasıl Olunur
YDS Set 003;239-How to Use the Reader's Guide (Okuyucu Rehberi Nasıl Kullanılır);B2;"education; research; library";Education;How to Use the Reader's Guide;Okuyucu Rehberi Nasıl Kullanılır
YDS Set 003;240-How Well Can Horses Hear? (Atlar Ne Kadar İyi Duyar?);B2;"animals; horses; hearing";Biology & Animals;How Well Can Horses Hear?;Atlar Ne Kadar İyi Duyar?
YDS Set 003;241-Human Infants (İnsan Yavruları);B2;"psychology; child development; parenting";Psychology & Health;Human Infants;İnsan Yavruları
YDS Set 003;242-Hydroponics (Hidroponik);B2;"science; agriculture; technology";Science & Technology;Hydroponics;Hidroponik
YDS Set 003;243-Illegal Tapes (Yasadışı Kasetler);B2;"music; crime; business";Art, Music & Literature;Illegal Tapes;Yasadışı Kasetler
YDS Set 003;244-Inflation (Enflasyon);B2;"economics; finance; business";Economics & Business;Inflation;Enflasyon
YDS Set 003;245-Intelligence (Zeka);B2;"psychology; intelligence; mind";Psychology & Health;Intelligence;Zeka
YDS Set 003;246-IQ or EQ? (IQ mu Yoksa EQ mu?);B2;"psychology; business; intelligence";Psychology & Health;IQ or EQ?;IQ mu Yoksa EQ mu?
YDS Set 003;247-J.Y. Cousteau (J.Y. Cousteau);B2;"biography; ocean; science";Science & Technology;J.Y. Cousteau;J.Y. Cousteau
YDS Set 003;248-Japanese Freedom (Japon Özgürlüğü);B2;"history; Japan; politics";Politics & Government;Japanese Freedom;Japon Özgürlüğü
YDS Set 003;249-Jesse Owens (Jesse Owens);B2;"biography; Jesse Owens; Olympics";History;Jesse Owens;Jesse Owens
YDS Set 003;250-Join Greenpeace Today! (Bugün Greenpeace'e Katılın!);B2;"environment; activism; conservation";Environment & Nature;Join Greenpeace Today!;Bugün Greenpeace'e Katılın!
YDS Set 003;251-Junk Food & No Exercise - The New Lifestyle (Abur Cubur ve Egzersizsizlik - Yeni Yaşam Tarzı);B2;"health; modern life; diet";Health & Medicine;Junk Food & No Exercise - The New Lifestyle;Abur Cubur ve Egzersizsizlik - Yeni Yaşam Tarzı
YDS Set 003;252-Just As Good As the Original? (Orijinali Kadar İyi mi?);B2;"art; forgery; crime";Art, Music & Literature;Just As Good As the Original?;Orijinali Kadar İyi mi?
YDS Set 003;253-Keys to Quicker Learning (Daha Hızlı Öğrenmenin Anahtarları);B2;"education; learning; psychology";Education;Keys to Quicker Learning;Daha Hızlı Öğrenmenin Anahtarları
YDS Set 003;254-King Arthur (Kral Arthur);B2;"history; legend; King Arthur";Paranormal & Mystery;King Arthur;Kral Arthur
YDS Set 003;255-Language Learning (Dil Öğrenimi);B2;"education; language; learning";Education;Language Learning;Dil Öğrenimi
YDS Set 003;256-Language: Is It Always Spoken? (Dil: Her Zaman Konuşulur mu?);B2;"language; sign language; babies";Linguistics & Communication;Language: Is It Always Spoken?;Dil: Her Zaman Konuşulur mu?
YDS Set 003;257-Lasers in Medicine (Tıpta Lazerler);B2;"health; medicine; technology";Health & Medicine;Lasers in Medicine;Tıpta Lazerler
YDS Set 003;258-Laying Insomnia to Rest (Uykusuzluğa Son Vermek);B2;"health; sleep; psychology";Psychology & Health;Laying Insomnia to Rest;Uykusuzluğa Son Vermek
YDS Set 003;259-Letters: Advertising on TV (Mektuplar: TV'de Reklam);B2;"media; advertising; society";Media & Communication;Letters: Advertising on TV;Mektuplar: TV'de Reklam
YDS Set 003;260-Life in Space (Uzayda Yaşam);B2;"space; science; technology";Science & Technology;Life in Space;Uzayda Yaşam
YDS Set 003;261-Life Regrets (Hayat Pişmanlıkları);B2;"life; philosophy; reflection";Ethics & Philosophy;Life Regrets;Hayat Pişmanlıkları
YDS Set 003;262-Like Father, Like Son (Babaya Çeker, Oğul Babaya Çeker);B2;"sociology; family; father-son relationship";Family & Relationships;Like Father, Like Son;Babaya Çeker, Oğul Babaya Çeker
YDS Set 003;263-Limits: TV-Watching Is Not a Constitutional Right (Sınır Koymak: TV İzlemek Anayasal Bir Hak Değildir);B2;"parenting; media; children";Education;Limits: TV-Watching Is Not a Constitutional Right;Sınır Koymak: TV İzlemek Anayasal Bir Hak Değildir
YDS Set 003;264-Logical Sequence (Mantıksal Sıra);B2;"genetics; language; comprehension";Linguistics & Communication;Logical Sequence;Mantıksal Sıra
YDS Set 003;265-Loneliness (Yalnızlık);B2;"psychology; society; emotion";Psychology & Health;Loneliness;Yalnızlık
YDS Set 003;266-Loneliness Prevails (Yalnızlık Hüküm Sürüyor);B2;"psychology; society; loneliness";Psychology & Health;Loneliness Prevails;Yalnızlık Hüküm Sürüyor
YDS Set 003;267-Love as an Art Form (Bir Sanat Olarak Sevgi);B2;"psychology; philosophy; love";Psychology & Health;Love as an Art Form;Bir Sanat Olarak Sevgi
YDS Set 003;268-Margaret Mee (Margaret Mee);B2;"biography; art; environment";Art, Music & Literature;Margaret Mee;Margaret Mee
YDS Set 003;269-Marketing (Pazarlama);B2;"business; marketing; advertising";Economics & Business;Marketing;Pazarlama
YDS Set 003;270-Marriage: East and West (Evlilik: Doğu ve Batı);B2;"culture; marriage; relationships";Family & Relationships;Marriage: East and West;Evlilik: Doğu ve Batı
YDS Set 003;271-Marry Me Not My Money (Benimle Evlen, Paramla Değil);B2;"sociology; marriage; prenuptial agreement";Culture & Society;Marry Me Not My Money;Benimle Evlen, Paramla Değil
YDS Set 003;272-Mathematics (Matematik);B2;"science; mathematics; education";Science & Technology;Mathematics;Matematik
YDS Set 003;273-Meat? No Thanks (Et mi? Hayır Teşekkürler);B2;"health; diet; lifestyle";Health & Medicine;Meat? No Thanks;Et mi? Hayır Teşekkürler
YDS Set 003;274-Medicine in the Seventies (Yetmişlerde Tıp);B2;"health; medicine; history";Health & Medicine;Medicine in the Seventies;Yetmişlerde Tıp
YDS Set 003;275-Meeting the Captain (Kaptanla Tanışma);B2;"story; literature; childhood";Art, Music & Literature;Meeting the Captain;Kaptanla Tanışma
YDS Set 003;276-Melting Pot Or Salad Bowl (Eritme Potası mı Salata Kasesi mi);B2;"sociology; culture; immigration";Culture & Society;Melting Pot Or Salad Bowl;Eritme Potası mı Salata Kasesi mi
YDS Set 003;277-Memory (Hafıza);B2;"psychology; memory; science";Psychology & Health;Memory;Hafıza
YDS Set 003;278-Men, Women and Money (Erkekler, Kadınlar ve Para);B2;"psychology; relationships; money";Psychology & Health;Men, Women and Money;Erkekler, Kadınlar ve Para
YDS Set 003;279-Merchant Of Venom (Zehir Tüccarı);B2;"biology; spiders; venom";Biology & Animals;Merchant Of Venom;Zehir Tüccarı
YDS Set 003;280-Middle East Water: Critical Resource (Orta Doğu Suyu: Kritik Kaynak);B2;"environment; water; politics";Environment & Nature;Middle East Water: Critical Resource;Orta Doğu Suyu: Kritik Kaynak
YDS Set 003;281-Minerals (Mineraller);B2;"health; nutrition; science";Health & Medicine;Minerals;Mineraller
YDS Set 003;282-Minnie (Minnie);B2;"animals; story; UK";Biology & Animals;Minnie;Minnie
YDS Set 003;283-Mission to Mars (Mars'a Görev);B2;"astronomy; space; technology";Astronomy & Space;Mission to Mars;Mars'a Görev
YDS Set 003;284-Music or Noise? (Müzik ya da Gürültü?);B2;"physics; sound; music";Art, Music & Literature;Music or Noise?;Müzik ya da Gürültü?
YDS Set 003;285-Nasa Listens for Space Aliens (Nasa Uzaylıları Dinliyor);B2;"astronomy; space; technology";Astronomy & Space;Nasa Listens for Space Aliens;Nasa Uzaylıları Dinliyor
YDS Set 003;286-Nicotine Addiction (Nikotin Bağımlılığı);B2;"health; smoking; addiction";Psychology & Health;Nicotine Addiction;Nikotin Bağımlılığı
YDS Set 003;287-Nirvana Behind Bars (Parmaklıklar Ardında Nirvana);B2;"health; meditation; prison";Psychology & Health;Nirvana Behind Bars;Parmaklıklar Ardında Nirvana
YDS Set 003;288-Norway and EU (Norveç ve AB);B2;"politics; EU; international relations";Politics & Government;Norway and EU;Norveç ve AB
YDS Set 003;289-Nuclear Threat (Nükleer Tehdit);B2;"nuclear; war; science";Science & Technology;Nuclear Threat;Nükleer Tehdit
YDS Set 003;290-Oceans (Okyanuslar);B2;"environment; oceans; law";Environment & Nature;Oceans;Okyanuslar
YDS Set 003;291-Old Friends (Eski Arkadaşlar);B2;"friendship; relationships";Family & Relationships;Old Friends;Eski Arkadaşlar
YDS Set 003;292-Orson Welles (Orson Welles);B2;"biography; film; cinema";Art, Music & Literature;Orson Welles;Orson Welles
YDS Set 003;293-Over-Amplification (Aşırı Amplifikasyon);B2;"health; hearing; music";Psychology & Health;Over-Amplification;Aşırı Amplifikasyon
YDS Set 003;294-Paleogeography (Paleocoğrafya);B2;"science; geology; geography";Environment & Nature;Paleogeography;Paleocoğrafya
YDS Set 003;295-Parental Authority (Ebeveyn Otoritesi);B2;"psychology; family; parenting";Family & Relationships;Parental Authority;Ebeveyn Otoritesi
YDS Set 003;296-Patterns of Ocean Life (Okyanus Yaşamının Düzenleri);B2;"ecology; environment; science";Environment & Nature;Patterns of Ocean Life;Okyanus Yaşamının Düzenleri
YDS Set 003;297-Penguin Creches (Penguen Kreşleri);B2;"animals; penguins; behavior";Biology & Animals;Penguin Creches;Penguen Kreşleri
YDS Set 003;298-Pesticide Control (Böcek İlacı Kontrolü);B2;"environment; agriculture; science";Environment & Nature;Pesticide Control;Böcek İlacı Kontrolü
YDS Set 003;299-Pollution (1) (Kirlilik 1);B2;"environment; pollution; science";Environment & Nature;Pollution (1);Kirlilik 1
YDS Set 003;300-Pollution (2) (Kirlilik 2);B2;"environment; pollution; air";Environment & Nature;Pollution (2);Kirlilik 2
YDS Set 003;301-Polystyrene (Polistiren);B2;"environment; pollution; recycling";Environment & Nature;Polystyrene;Polistiren
YDS Set 003;302-Population Growth (Nüfus Artışı);B2;"environment; society; economics";Environment & Nature;Population Growth;Nüfus Artışı
YDS Set 003;303-Protecting Architectural Heritage (Mimari Mirasın Korunması);B2;"architecture; culture; heritage";Architecture & Urban Planning;Protecting Architectural Heritage;Mimari Mirasın Korunması
YDS Set 003;304-Punishment Takes Many Forms (Cezanın Birçok Biçimi Vardır);B2;"law; justice; prison system";Law & Crime;Punishment Takes Many Forms;Cezanın Birçok Biçimi Vardır
YDS Set 003;305-Recycling Waste (Atık Geri Dönüşümü);B2;"environment; recycling; waste";Environment & Nature;Recycling Waste;Atık Geri Dönüşümü
YDS Set 003;306-Refrigeration (Soğutma);B2;"science; physics; technology";Science & Technology;Refrigeration;Soğutma
YDS Set 003;307-Rituals of Marriage in American Culture (Amerikan Kültüründe Evlilik Ritüelleri);B2;"culture; marriage; society";Culture & Society;Rituals of Marriage in American Culture;Amerikan Kültüründe Evlilik Ritüelleri
YDS Set 003;308-Romanies: 1,000 Years on the Road (Romanlar: Yollarda 1.000 Yıl);B2;"history; society; culture";Culture & Society;Romanies: 1,000 Years on the Road;Romanlar: Yollarda 1.000 Yıl
YDS Set 003;309-Salt (Tuz);B2;"health; food; science";Psychology & Health;Salt;Tuz
YDS Set 003;310-School for Change (Değişim Okulu);B2;"education; international; college";Education;School for Change;Değişim Okulu
YDS Set 003;311-Science Of The Supermarket (Süpermarketin Bilimi);B2;"psychology; marketing; consumer behavior";Psychology & Health;Science Of The Supermarket;Süpermarketin Bilimi
YDS Set 003;312-Scottish Village Sticks By Its Benefactor (İskoç Köyü Hayırseverine Sahip Çıkıyor);B2;"crime; fraud; embezzlement";Law & Crime;Scottish Village Sticks By Its Benefactor;İskoç Köyü Hayırseverine Sahip Çıkıyor
YDS Set 003;313-Sex Discrimination in the Workplace (İşyerinde Cinsiyet Ayrımcılığı);B2;"society; work; women";Culture & Society;Sex Discrimination in the Workplace;İşyerinde Cinsiyet Ayrımcılığı
YDS Set 003;314-Sharing Harvest (Hasatı Paylaşmak);B2;"art; sharing; nature";Environment & Nature;Sharing Harvest;Hasatı Paylaşmak
YDS Set 003;315-Shopaholism (Alışveriş Bağımlılığı);B2;"psychology; money; society";Psychology & Health;Shopaholism;Alışveriş Bağımlılığı
YDS Set 003;316-Shoplifting (Mağaza Hırsızlığı);B2;"crime; retail; technology";Science & Technology;Shoplifting;Mağaza Hırsızlığı
YDS Set 003;317-Siblings (Kardeşler);B2;"psychology; birth order; personality";Psychology & Health;Siblings;Kardeşler
YDS Set 003;318-Singapore's Traffic Policy (Singapur'un Trafik Politikası);B2;"society; transport; economics";Culture & Society;Singapore's Traffic Policy;Singapur'un Trafik Politikası
YDS Set 003;319-Sir Ernest Shackleton (Sir Ernest Shackleton);B2;"biography; exploration; antarctica";History;Sir Ernest Shackleton;Sir Ernest Shackleton
YDS Set 003;320-Smoking (Sigara İçmek);B2;"health; smoking; society";Health & Medicine;Smoking;Sigara İçmek
YDS Set 003;321-Space Tourism (Uzay Turizmi);B2;"space; tourism; technology";Science & Technology;Space Tourism;Uzay Turizmi
YDS Set 003;322-Space Wardrobe (Uzay Gardırobu);B2;"space; technology; lifestyle";Science & Technology;Space Wardrobe;Uzay Gardırobu
YDS Set 003;323-Sprinters and Wind (Sprinterlar ve Rüzgar);B2;"sports; physics; science";Science & Technology;Sprinters and Wind;Sprinterlar ve Rüzgar
YDS Set 003;324-Staying Underwater (Su Altında Kalmak);B2;"history; technology; diving";Science & Technology;Staying Underwater;Su Altında Kalmak
YDS Set 003;325-Stolen Innocence (Çalınan Masumiyet);B2;"psychology; crime; family";Psychology & Health;Stolen Innocence;Çalınan Masumiyet
YDS Set 003;326-Stonehenge (Stonehenge);B2;"history; archaeology; UK";History;Stonehenge;Stonehenge
YDS Set 003;327-Stress (Stres);B2;"health; psychology; science";Psychology & Health;Stress;Stres
YDS Set 003;328-Success (Başarı);B2;"psychology; society; success";Psychology & Health;Success;Başarı
YDS Set 003;329-Surgery (Cerrahi);B2;"health; medicine; surgery";Health & Medicine;Surgery;Cerrahi
YDS Set 003;330-Suriname (Surinam);B2;"geography; history; environment";Environment & Nature;Suriname;Surinam
YDS Set 003;331-Teenage Vandalism (Gençlik Vandalizmi);B2;"society; youth; crime";Culture & Society;Teenage Vandalism;Gençlik Vandalizmi
YDS Set 003;332-Teresina (Teresina);B2;"urban; development; environment";Environment & Nature;Teresina;Teresina
YDS Set 003;333-The Agony Column (Dert Köşesi);B2;"psychology; media; advice";Psychology & Health;The Agony Column;Dert Köşesi
YDS Set 003;334-The Amish and the Kibbutzim (Amishler ve Kibbutzlar);B2;"culture; society; Amish";Culture & Society;The Amish and the Kibbutzim;Amishler ve Kibbutzlar
YDS Set 003;335-The Ancient History of Sculpture (Heykelin Antik Tarihi);B2;"art; history; sculpture";Art, Music & Literature;The Ancient History of Sculpture;Heykelin Antik Tarihi
YDS Set 003;336-The Art of Thrill (Heyecan Sanatı);B2;"psychology; sensation-seeking; thrill";Psychology & Health;The Art of Thrill;Heyecan Sanatı
YDS Set 003;337-The Bermuda Triangle (1) (Bermuda Şeytan Üçgeni 1);B2;"mystery; ocean; history";History;The Bermuda Triangle (1);Bermuda Şeytan Üçgeni 1
YDS Set 003;338-The Bermuda Triangle (2) (Bermuda Şeytan Üçgeni 2);B2;"mystery; ocean; history";History;The Bermuda Triangle (2);Bermuda Şeytan Üçgeni 2
YDS Set 003;339-The California Gold Rush (Kaliforniya Altin Hücumu);B2;"history; usa; gold";History;The California Gold Rush;Kaliforniya Altin Hücumu
YDS Set 003;340-The Cognitive Benefits of Bilingualism (İki Dilliliğin Bilişsel Faydaları);B2;"linguistics; psychology; health";Psychology & Health;The Cognitive Benefits of Bilingualism;İki Dilliliğin Bilişsel Faydaları
YDS Set 003;341-The Cultural Significance of Street Art (Sokak Sanatının Kültürel Önemi);B2;"art; culture; society";Culture & Society;The Cultural Significance of Street Art;Sokak Sanatının Kültürel Önemi
YDS Set 003;342-The Cyclamate Controversy (Siklamat Tartışması);B2;"health; food; science";Psychology & Health;The Cyclamate Controversy;Siklamat Tartışması
YDS Set 003;343-The Discovery of Penicillin (Penisilinin Keşfi);B2;"medicine; science; history";Science & Technology;The Discovery of Penicillin;Penisilinin Keşfi
YDS Set 003;344-The Discovery of the Electron (Elektronun Keşfi);B2;"science; physics; history";Science & Technology;The Discovery of the Electron;Elektronun Keşfi
YDS Set 003;345-The Economic Consequences of Demographic Aging (Demografik Yaşlanmanın Ekonomik Sonuçları);B2;"economics; society; health";Psychology & Health;The Economic Consequences of Demographic Aging;Demografik Yaşlanmanın Ekonomik Sonuçları
YDS Set 003;346-The Egyptian Pyramids (Mısır Piramitleri);B2;"history; ancient Egypt; architecture";History;The Egyptian Pyramids;Mısır Piramitleri
YDS Set 003;347-The Electric Eel (Elektrikli Yılan Balığı);B2;"animals; science; biology";Biology & Animals;The Electric Eel;Elektrikli Yılan Balığı
YDS Set 003;348-The Emperor Penguin (Imparator Penguen);B2;"animals; nature; antarctica";Biology & Animals;The Emperor Penguin;Imparator Penguen
YDS Set 003;349-The Esperanto of Money (Paranın Esperanto'su);B2;"economics; global currency; finance";Economics & Business;The Esperanto of Money;Paranın Esperanto'su
YDS Set 003;350-The Fires of Christmas (Noel Yangınları);B2;"news; disaster; environment";Environment & Nature;The Fires of Christmas;Noel Yangınları
YDS Set 003;351-The Flea Market (Bit Pazarı);B2;"society; shopping; culture";Culture & Society;The Flea Market;Bit Pazarı
YDS Set 003;352-The Great Wall of China (Cin Seddi);B2;"history; china; architecture";History;The Great Wall of China;Cin Seddi
YDS Set 003;353-The Healing Power of Belief (İnancın İyileştirici Gücü);B2;"health; medicine; psychology";Psychology & Health;The Healing Power of Belief;İnancın İyileştirici Gücü
YDS Set 003;354-The History of the Internet (İnternetin Tarihi);B2;"technology; history; communication";Science & Technology;The History of the Internet;İnternetin Tarihi
YDS Set 003;355-The Human Genome Project (İnsan Genom Projesi);B2;"science; genetics; human genome project";Science & Technology;The Human Genome Project;İnsan Genom Projesi
YDS Set 003;356-The Ik (İkler);B2;"anthropology; culture; tribe";Anthropology & Archaeology;The Ik;İkler
YDS Set 003;357-The Life of Albert Einstein (Albert Einstein'ın Hayatı);B2;"biography; science; history";History;The Life of Albert Einstein;Albert Einstein'ın Hayatı
YDS Set 003;358-The Lost Temple Of Java (Java'nın Kayıp Tapınağı);B2;"history; archaeology; Borobudur";History;The Lost Temple Of Java;Java'nın Kayıp Tapınağı
YDS Set 003;359-The Menace of the Micro (Mikro Tehdidi);B2;"technology; work; future";Science & Technology;The Menace of the Micro;Mikro Tehdidi
YDS Set 003;360-The Middle Ages in Europe (Avrupa'da Orta Çağ);B2;"history; Europe; society";Culture & Society;The Middle Ages in Europe;Avrupa'da Orta Çağ
YDS Set 003;361-The Miracle: Helen Keller (Mucize: Helen Keller);B2;"biography; Helen Keller; disability";History;The Miracle: Helen Keller;Mucize: Helen Keller
YDS Set 003;362-The Mohana (Mohanalar);B2;"society; traditional lifestyle; geography";Culture & Society;The Mohana;Mohanalar
YDS Set 003;363-The Moon (Ay);B2;"astronomy; science; space";Astronomy & Space;The Moon;Ay
YDS Set 003;364-The Mother of Modern Dance: Martha Graham (Modern Dansın Annesi: Martha Graham);B2;"art; dance; biography";Art, Music & Literature;The Mother of Modern Dance: Martha Graham;Modern Dansın Annesi: Martha Graham
YDS Set 003;365-The Mystery Of The Disappearing Author (Kaybolan Yazarın Gizemi);B2;"literature; Agatha Christie; mystery";Art, Music & Literature;The Mystery Of The Disappearing Author;Kaybolan Yazarın Gizemi
YDS Set 003;366-The Nomads: Wandering Tribes of Anatolia (Yörükler: Anadolu'nun Göçebe Aşiretleri);B2;"culture; history; sociology";Culture & Society;The Nomads: Wandering Tribes of Anatolia;Yörükler: Anadolu'nun Göçebe Aşiretleri
YDS Set 003;367-The Order of Inventions (Buluşların Sırası);B2;"technology; history; innovation";Science & Technology;The Order of Inventions;Buluşların Sırası
YDS Set 003;368-The Philosophical Foundations of Modern Existentialism (Modern Varoluşçuluğun Felsefi Temelleri);B2;"philosophy; culture; psychology";Psychology & Health;The Philosophical Foundations of Modern Existentialism;Modern Varoluşçuluğun Felsefi Temelleri
YDS Set 003;369-The Power of Body Language (Beden Dilinin Gücü);B2;"communication; psychology; society";Psychology & Health;The Power of Body Language;Beden Dilinin Gücü
YDS Set 003;370-The Power of Self-Confidence (Özgüvenin Gücü);B2;"psychology; personal development; self-help";Psychology & Health;The Power of Self-Confidence;Özgüvenin Gücü
YDS Set 003;371-The Qualities We Prize in Our Children (Çocuklarımızda Değer Verdiğimiz Nitelikler);B2;"psychology; society; culture";Culture & Society;The Qualities We Prize in Our Children;Çocuklarımızda Değer Verdiğimiz Nitelikler
YDS Set 003;372-The Shakers (Shakerlar);B2;"religion; history; society";Culture & Society;The Shakers;Shakerlar
YDS Set 003;373-The Shame and Pain of Sudden Ruin (Ani Çöküşün Utancı ve Acısı);B2;"crime; corruption; justice";Law & Crime;The Shame and Pain of Sudden Ruin;Ani Çöküşün Utancı ve Acısı
YDS Set 003;374-The Shame and Pain of Sudden Ruin (Ani Çöküşün Utancı ve Acısı);B2;"news; crime; society";Culture & Society;The Shame and Pain of Sudden Ruin;Ani Çöküşün Utancı ve Acısı
YDS Set 003;375-The Sociological Implications of Urban Gentrification (Kentsel Soyulamanın Sosyolojik Etkileri);B2;"sociology; urban planning; economics";Culture & Society;The Sociological Implications of Urban Gentrification;Kentsel Soyulamanın Sosyolojik Etkileri
YDS Set 003;376-The Story of the Telephone (Telefonun Hikayesi);B2;"history; technology; invention";Science & Technology;The Story of the Telephone;Telefonun Hikayesi
YDS Set 003;377-The Story of Vitamin C (C Vitamininin Hikayesi);B2;"health; history; nutrition";Health & Medicine;The Story of Vitamin C;C Vitamininin Hikayesi
YDS Set 003;378-The Thrill of Shoplifting (Alışveriş Yapma Heyecanı);B2;"psychology; crime; shoplifting";Psychology & Health;The Thrill of Shoplifting;Alışveriş Yapma Heyecanı
YDS Set 003;379-The Tichborne Case (Tichborne Davası);B2;"law; crime; identity fraud";Law & Crime;The Tichborne Case;Tichborne Davası
YDS Set 003;380-The Tornado (Kasırga);B2;"weather; natural disaster; USA";Environment & Nature;The Tornado;Kasırga
YDS Set 003;381-The Treasure of King Priam of Troy (Kral Priamos'un Hazinesi);B2;"history; archaeology; treasure";History;The Treasure of King Priam of Troy;Kral Priamos'un Hazinesi
YDS Set 003;382-The Whale (Balina);B2;"animals; marine biology; science";Biology & Animals;The Whale;Balina
YDS Set 003;383-Three Thousand Years Of World Trade (Üç Bin Yıllık Dünya Ticareti);B2;"history; trade; economics";History;Three Thousand Years Of World Trade;Üç Bin Yıllık Dünya Ticareti
YDS Set 003;384-Tick, Buzz, It's That Time Again (Kene, Vızıltı, Yine O Zaman);B2;"biology; cicadas; insects";Biology & Animals;Tick, Buzz, It's That Time Again;Kene, Vızıltı, Yine O Zaman
YDS Set 003;385-Together In Giving (Birlikte Vermek);B2;"sociology; volunteerism; family";Culture & Society;Together In Giving;Birlikte Vermek
YDS Set 003;386-Towards a Working Renaissance (Bir Çalışma Rönesansına Doğru);B2;"work; society; future";Culture & Society;Towards a Working Renaissance;Bir Çalışma Rönesansına Doğru
YDS Set 003;387-Toxic Chemical Leaks (Zehirli Kimyasal Sızıntıları);B2;"environment; pollution; health";Environment & Nature;Toxic Chemical Leaks;Zehirli Kimyasal Sızıntıları
YDS Set 003;388-Trance (Trans);B2;"psychology; health; hypnosis";Psychology & Health;Trance;Trans
YDS Set 003;389-Turkey's Unique Geopolitical Position (Türkiye'nin Eşsiz Jeopolitik Konumu);B2;"geography; politics; turkey";Politics & Government;Turkey's Unique Geopolitical Position;Türkiye'nin Eşsiz Jeopolitik Konumu
YDS Set 003;390-Turkey's Vision: Inspired by Istanbul (Türkiye'nin Vizyonu: İstanbul'dan İlham Alan);B2;"culture; turkey; politics";Politics & Government;Turkey's Vision: Inspired by Istanbul;Türkiye'nin Vizyonu: İstanbul'dan İlham Alan
YDS Set 003;391-Turkish Coffee (Türk Kahvesi);B2;"culture; beverages; history";Food & Agriculture;Turkish Coffee;Türk Kahvesi
YDS Set 003;392-Two Views of Divorce (Boşanmaya İki Bakış);B2;"sociology; family; marriage";Family & Relationships;Two Views of Divorce;Boşanmaya İki Bakış
YDS Set 003;393-Types Of Love (Aşkın Türleri);B2;"psychology; relationships; love styles";Family & Relationships;Types Of Love;Aşkın Türleri
YDS Set 003;394-U.S. Public Schools (ABD Devlet Okulları);B2;"education; society; parenting";Education;U.S. Public Schools;ABD Devlet Okulları
YDS Set 003;395-Ultrasonics (Ultrasonik);B2;"science; physics; sound";Science & Technology;Ultrasonics;Ultrasonik
YDS Set 003;396-Understanding Phobias (Fobileri Anlamak);B2;"psychology; mental health";Psychology & Health;Understanding Phobias;Fobileri Anlamak
YDS Set 003;397-Understanding Teenage Cults (Gençlik Kültlerini Anlamak);B2;"society; youth; culture";Culture & Society;Understanding Teenage Cults;Gençlik Kültlerini Anlamak
YDS Set 003;398-Underwater Concerts (Sualtı Konserleri);B2;"music; art; innovation";Art, Music & Literature;Underwater Concerts;Sualtı Konserleri
YDS Set 003;399-Untitled (Başlıksız) [Bonds and Stocks];B2;"business; finance; economics";Economics & Business;Untitled (Başlıksız) [Bonds and Stocks];
YDS Set 003;400-Venom Therapy (Zehir Tedavisi);B2;"health; medicine; allergy";Health & Medicine;Venom Therapy;Zehir Tedavisi
YDS Set 003;401-Visa-Free Travel (Vizesiz Seyahat);B2;"politics; EU; Turkey";Politics & Government;Visa-Free Travel;Vizesiz Seyahat
YDS Set 003;402-Vitamins (Vitaminler);B2;"health; nutrition; science";Health & Medicine;Vitamins;Vitaminler
YDS Set 003;403-Was It Something They Ate? (Yedikleri Bir Şey miydi?);B2;"health; nutrition; science";Health & Medicine;Was It Something They Ate?;Yedikleri Bir Şey miydi?
YDS Set 003;404-Water (Su);B2;"environment; natural resources; sustainability";Environment & Nature;Water;Su
YDS Set 003;405-What Do Most People Regret? (Çoğu İnsan Neyden Pişmanlık Duyar?);B2;"psychology; regret; emotion";Psychology & Health;What Do Most People Regret?;Çoğu İnsan Neyden Pişmanlık Duyar?
YDS Set 003;406-Who Talks More, Men Or Women? (Kim Daha Çok Konuşur, Erkekler mi Kadınlar mı?);B2;"sociology; gender; communication";Culture & Society;Who Talks More, Men Or Women?;Kim Daha Çok Konuşur, Erkekler mi Kadınlar mı?
YDS Set 003;407-Why Rock Fans Faint (Rock Hayranları Neden Bayılır);B2;"health; medicine; fainting";Health & Medicine;Why Rock Fans Faint;Rock Hayranları Neden Bayılır
YDS Set 003;408-Wind (Rüzgar);B2;"science; weather; environment";Environment & Nature;Wind;Rüzgar
YDS Set 003;409-Wind Power (Rüzgar Enerjisi);B2;"energy; environment; technology";Environment & Nature;Wind Power;Rüzgar Enerjisi
YDS Set 003;410-Work Matters (İşin Önemi);B2;"work; career; aviation";Economics & Business;Work Matters;İşin Önemi
YDS Set 003;411-World Economic Forum (Dünya Ekonomik Forumu);B2;"economics; Turkey; international";Economics & Business;World Economic Forum;Dünya Ekonomik Forumu
YDS Set 003;412-Young City Builders (Genç Şehir İnşacıları);B2;"education; children; urban planning";Education;Young City Builders;Genç Şehir İnşacıları
YDS Set 003;413-Your Personality and Your Heart (Kişiliğiniz ve Kalbiniz);B2;"health; psychology; personality";Psychology & Health;Your Personality and Your Heart;Kişiliğiniz ve Kalbiniz
YDS Set 004;"414-""To Sleep, Perchance to Dream..."" (Uyumak, Belki de Rüya Görmek...)";C1;"health; sleep; psychology";Psychology & Health;"""To Sleep, Perchance to Dream...""";Uyumak, Belki de Rüya Görmek...
YDS Set 004;415-A Good Life (İyi Bir Yaşam);C1;"health; longevity; lifestyle";Health & Medicine;A Good Life;İyi Bir Yaşam
YDS Set 004;416-A High Price To Pay (Karma Eğitim: Ödenmesi Gereken Yüksek Bir Bedel);C1;"education; gender; co-education";Women's Studies & Feminism;A High Price To Pay;Karma Eğitim: Ödenmesi Gereken Yüksek Bir Bedel
YDS Set 004;417-A Land of Immigrants (Bir Göçmenler Ülkesi);C1;"history; society; immigration";History;A Land of Immigrants;Bir Göçmenler Ülkesi
YDS Set 004;418-A Lonely Paradise (Yalnız Bir Cennet);C1;"geography; society; culture";Culture & Society;A Lonely Paradise;Yalnız Bir Cennet
YDS Set 004;419-A Misunderstanding (Bir Yanlış Anlama);C1;"story; humour; human interest";Personal Stories & Human Interest;A Misunderstanding;Bir Yanlış Anlama
YDS Set 004;420-A Nation of Nicknames (Bir Takma Adlar Ulusu);C1;"culture; USA; nicknames";Culture & Society;A Nation of Nicknames;Bir Takma Adlar Ulusu
YDS Set 004;421-A Tribe Faced with Extinction (Yok Olma Tehlikesiyle Karşı Karşıya Bir Kabile);C1;"culture; indigenous people; Amazon";Culture & Society;A Tribe Faced with Extinction;Yok Olma Tehlikesiyle Karşı Karşıya Bir Kabile
YDS Set 004;422-Acid Rain (Asit Yağmuru);C1;"environment; pollution; science";Environment & Nature;Acid Rain;Asit Yağmuru
YDS Set 004;423-Acupuncture (Akupunktur);C1;"health; medicine; alternative medicine";Health & Medicine;Acupuncture;Akupunktur
YDS Set 004;424-Alexander the Great (Büyük İskender);C1;"history; biography; war";History;Alexander the Great;Büyük İskender
YDS Set 004;425-Alfred Nobel (Alfred Nobel);C1;"biography; invention; peace";History;Alfred Nobel;Alfred Nobel
YDS Set 004;426-Amaranth (Amarant);C1;"food; agriculture; nutrition";Food & Agriculture;Amaranth;Amarant
YDS Set 004;427-An Ancient Disk's Secret Message (Antik Bir Diskin Gizli Mesajı);C1;"history; archaeology; Phaistos Disk";History;An Ancient Disk's Secret Message;Antik Bir Diskin Gizli Mesajı
YDS Set 004;428-Animal Behavior (Hayvan Davranışı);C1;"biology; animal behavior; imprinting";Biology & Animals;Animal Behavior;Hayvan Davranışı
YDS Set 004;429-Anthropology (Antropoloji);C1;"anthropology; social science; culture";Culture & Society;Anthropology;Antropoloji
YDS Set 004;430-Antiques Repairs (Antika Onarımları);C1;"story; humour; business";Personal Stories & Human Interest;Antiques Repairs;Antika Onarımları
YDS Set 004;431-Antiseptics (Antiseptikler);C1;"health; medicine; science";Health & Medicine;Antiseptics;Antiseptikler
YDS Set 004;432-Aquifers (Akiferler);C1;"environment; geology; water";Environment & Nature;Aquifers;Akiferler
YDS Set 004;"433-Are We Living In A Walk-On-By Society? (Bir ""Görmezden Gel"" Toplumunda mı Yaşıyoruz?)";C1;"sociology; active citizenship; social responsibility";Disability & Social Rights;Are We Living In A Walk-On-By Society?;"Bir ""Görmezden Gel"" Toplumunda mı Yaşıyoruz?"
YDS Set 004;434-Are We Really That Different? (Gerçekten Bu Kadar Farklı mıyız?);C1;"culture; stereotypes; generalizations";Culture & Society;Are We Really That Different?;Gerçekten Bu Kadar Farklı mıyız?
YDS Set 004;435-Arnold's Dream (Arnold'un Hayali);C1;"biography; Arnold Schwarzenegger; success";History;Arnold's Dream;Arnold'un Hayali
YDS Set 004;436-Artificial Intelligence (Yapay Zeka);C1;"technology; future; science";Science & Technology;Artificial Intelligence;Yapay Zeka
YDS Set 004;437-Aspirin: The Miracle Drug (Aspirin: Mucize İlaç);C1;"medicine; history; science";Science & Technology;Aspirin: The Miracle Drug;Aspirin: Mucize İlaç
YDS Set 004;438-Atoms (1) (Atomlar 1);C1;"science; chemistry; physics";Science & Technology;Atoms (1);Atomlar 1
YDS Set 004;439-Atoms (2) (Atomlar 2);C1;"science; physics; chemistry";Science & Technology;Atoms (2);Atomlar 2
YDS Set 004;440-Bad Water (Kirli Su);C1;"environment; water; pollution";Environment & Nature;Bad Water;Kirli Su
YDS Set 004;441-Ban Cloning Or Not? (Klonlama Yasaklansın mı, Yasaklanmasın mı?);C1;"biology; cloning; ethics";Biology & Animals;Ban Cloning Or Not?;Klonlama Yasaklansın mı, Yasaklanmasın mı?
YDS Set 004;442-Bin Laden's Bad Bet (Bin Ladin'in Kötü Bahsi);C1;"politics; terrorism; Islam";Politics & Government;Bin Laden's Bad Bet;Bin Ladin'in Kötü Bahsi
YDS Set 004;443-Black Holes (Kara Delikler);C1;"astronomy; black holes; physics";Science & Technology;Black Holes;Kara Delikler
YDS Set 004;444-Brain Gene 'Clue To Ageing' (Beyin Geni 'Yaşlanmanın İpucu');C1;"biology; genetics; aging";Biology & Animals;Brain Gene 'Clue To Ageing';Beyin Geni 'Yaşlanmanın İpucu'
YDS Set 004;445-Can Laws Stop The Obsessed? (Yasalar Takıntılıları Durdurabilir mi?);C1;"law; psychology; stalking";Psychology & Health;Can Laws Stop The Obsessed?;Yasalar Takıntılıları Durdurabilir mi?
YDS Set 004;446-Can Mediation Produce Justice? (Arabuluculuk Adalet Sağlayabilir mi?);C1;"law; restorative justice; mediation";Law & Crime;Can Mediation Produce Justice?;Arabuluculuk Adalet Sağlayabilir mi?
YDS Set 004;447-Career Development (Kariyer Gelişimi);C1;"career; business; management";Economics & Business;Career Development;Kariyer Gelişimi
YDS Set 004;448-Causes of Endangerment (Nesli Tükenme Nedenleri);C1;"environment; endangered species; habitat loss";Environment & Nature;Causes of Endangerment;Nesli Tükenme Nedenleri
YDS Set 004;449-Chaos Theory (Kaos Teorisi);C1;"science; mathematics; chaos theory";Science & Technology;Chaos Theory;Kaos Teorisi
YDS Set 004;450-Chaos Theory (Kaos Teorisi);C1;"science; mathematics; chaos theory";Science & Technology;Chaos Theory;Kaos Teorisi
YDS Set 004;451-Chaos Theory and Education (Kaos Teorisi ve Eğitim);C1;"education; chaos theory; teaching";Education;Chaos Theory and Education;Kaos Teorisi ve Eğitim
YDS Set 004;452-China Works To Put Astronauts In Orbit (Çin Astronotları Yörüngeye Yerleştirmek İçin Çalışıyor);C1;"space; China; astronauts";Astronomy & Space;China Works To Put Astronauts In Orbit;Çin Astronotları Yörüngeye Yerleştirmek İçin Çalışıyor
YDS Set 004;453-Cloning is Moral (Klonlamak Ahlakidir);C1;"ethics; cloning; science";Law & Crime;Cloning is Moral;Klonlamak Ahlakidir
YDS Set 004;454-Cloning The New Babes (Yeni Bebekleri Klonlamak);C1;"biology; cloning; organ transplant";Biology & Animals;Cloning The New Babes;Yeni Bebekleri Klonlamak
YDS Set 004;455-Commissioner Füle's Speech (Komiser Füle'nin Konuşması);C1;"politics; EU; Turkey";Politics & Government;Commissioner Füle's Speech;Komiser Füle'nin Konuşması
YDS Set 004;456-Conformity (Uyma Davranışı);C1;"psychology; social influence; conformity";Psychology & Health;Conformity;Uyma Davranışı
YDS Set 004;457-Criminal Rehabilitation (Suçlu Rehabilitasyonu);C1;"law; criminal justice; prison";Law & Crime;Criminal Rehabilitation;Suçlu Rehabilitasyonu
YDS Set 004;458-Cyprus Problem (Kıbrıs Sorunu);C1;"politics; Cyprus; EU";Politics & Government;Cyprus Problem;Kıbrıs Sorunu
YDS Set 004;459-Designer Babies (Tasarım Bebekler);C1;"ethics; genetics; genetic engineering";Science & Technology;Designer Babies;Tasarım Bebekler
YDS Set 004;460-Difficulty Concentrating (Konsantre Olma Zorluğu);C1;"health; psychology; lifestyle";Psychology & Health;Difficulty Concentrating;Konsantre Olma Zorluğu
YDS Set 004;461-DNA Fingerprinting (DNA Parmak İzi);C1;"genetics; forensic science; DNA";Science & Technology;DNA Fingerprinting;DNA Parmak İzi
YDS Set 004;462-DNA Helps Solve Crime (DNA Suç Çözümüne Yardımcı Oluyor);C1;"forensic science; DNA; criminal justice";Law & Crime;DNA Helps Solve Crime;DNA Suç Çözümüne Yardımcı Oluyor
YDS Set 004;463-Do Men And Women Speak The Same Language? (Kadınlar ve Erkekler Aynı Dili mi Konuşur?);C1;"sociology; linguistics; gender";Culture & Society;Do Men And Women Speak The Same Language?;Kadınlar ve Erkekler Aynı Dili mi Konuşur?
YDS Set 004;464-E.T, You May Be Home Already (E.T., Zaten Evde Olabilirsin);C1;"astronomy; astrobiology; life on Mars";Astronomy & Space;E.T, You May Be Home Already;E.T., Zaten Evde Olabilirsin
YDS Set 004;465-Economic Growth (Ekonomik Büyüme);C1;"economics; GDP; growth";Economics & Business;Economic Growth;Ekonomik Büyüme
YDS Set 004;466-Economic Growth (Ekonomik Büyüme);C1;"economics; GDP; growth";Economics & Business;Economic Growth;Ekonomik Büyüme
YDS Set 004;467-Electric Lighting (Elektrikli Aydınlatma);C1;"technology; environment; light pollution";Environment & Nature;Electric Lighting;Elektrikli Aydınlatma
YDS Set 004;468-Embryo Screening is Here (Embriyo Taraması Burada);C1;"ethics; genetics; medicine";Science & Technology;Embryo Screening is Here;Embriyo Taraması Burada
YDS Set 004;469-English (Ingilizce);C1;"language; history; linguistics";Linguistics & Communication;English;Ingilizce
YDS Set 004;470-Enter A New World (Yeni Bir Dünyaya Giriş);C1;"technology; virtual reality; VR";Science & Technology;Enter A New World;Yeni Bir Dünyaya Giriş
YDS Set 004;471-Era of High-Tech Pollution (Yüksek Teknoloji Kirliliği Çağı);C1;"environment; e-waste; recycling";Environment & Nature;Era of High-Tech Pollution;Yüksek Teknoloji Kirliliği Çağı
YDS Set 004;472-EU Communication Activities (AB İletişim Faaliyetleri);C1;"EU; politics; Turkey";Politics & Government;EU Communication Activities;AB İletişim Faaliyetleri
YDS Set 004;473-EU Parliament Resolution (AP Türkiye Raporu);C1;"politics; EU; Turkey";Politics & Government;EU Parliament Resolution;AP Türkiye Raporu
YDS Set 004;474-EU Peace Project (AB Barış Projesi);C1;"EU; peace; politics";Politics & Government;EU Peace Project;AB Barış Projesi
YDS Set 004;475-EU Presidency Critique (AB Dönem Başkanlığı Eleştirisi);C1;"EU; politics; criticism";Politics & Government;EU Presidency Critique;AB Dönem Başkanlığı Eleştirisi
YDS Set 004;476-EU Standards (AB Standartları);C1;"EU; Turkey; standards";Psychology & Health;EU Standards;AB Standartları
YDS Set 004;477-Europe's Transformative Power (Avrupa'nın Dönüştürücü Gücü);C1;"politics; EU; soft power";Politics & Government;Europe's Transformative Power;Avrupa'nın Dönüştürücü Gücü
YDS Set 004;478-EverQuest - Farewell To Violence (EverQuest - Şiddete Elveda);C1;"technology; gaming; online games";Science & Technology;EverQuest - Farewell To Violence;EverQuest - Şiddete Elveda
YDS Set 004;479-Extreme Standards of Beauty (Aşırı Güzellik Standartları);C1;"sociology; beauty standards; body image";Culture & Society;Extreme Standards of Beauty;Aşırı Güzellik Standartları
YDS Set 004;480-February 28 Process (28 Şubat Süreci);C1;"politics; Turkey; history";Politics & Government;February 28 Process;28 Şubat Süreci
YDS Set 004;481-Genetic Geography (Genetik Coğrafya);C1;"science; genetics; biology";Science & Technology;Genetic Geography;Genetik Coğrafya
YDS Set 004;482-Genetic Manipulation (Genetik Manipülasyon);C1;"science; genetics; biology";Science & Technology;Genetic Manipulation;Genetik Manipülasyon
YDS Set 004;483-Genetic Manipulation (Genetik Manipülasyon);C1;"science; genetics; DNA";Science & Technology;Genetic Manipulation;Genetik Manipülasyon
YDS Set 004;484-Genetically Altered Food (Genetiği Değiştirilmiş Gıda);C1;"biology; GMO; food";Food & Agriculture;Genetically Altered Food;Genetiği Değiştirilmiş Gıda
YDS Set 004;485-Girl Power (Kız Gücü);C1;"sociology; gender; sports";Sports;Girl Power;Kız Gücü
YDS Set 004;486-Globalization (Küreselleşme);C1;"economics; globalization; culture";Economics & Business;Globalization;Küreselleşme
YDS Set 004;487-Globalization (Küreselleşme);C1;"globalization; economy; society";Culture & Society;Globalization;Küreselleşme
YDS Set 004;488-Greek and Roman History (Yunan ve Roma Tarihi);C1;"history; archaeology";History;Greek and Roman History;Yunan ve Roma Tarihi
YDS Set 004;489-Harvey Oswald (Harvey Oswald);C1;"ethics; journalism; media";Media & Communication;Harvey Oswald;Harvey Oswald
YDS Set 004;490-Healing Illnesses (Hastalıkları İyileştirmek);C1;"health; medicine; mind-body connection";Health & Medicine;Healing Illnesses;Hastalıkları İyileştirmek
YDS Set 004;491-How Europe Fails Its Young (Avrupa Gençlerini Nasıl Hayal Kırıklığına Uğratıyor);C1;"education; Europe; universities";Education;How Europe Fails Its Young;Avrupa Gençlerini Nasıl Hayal Kırıklığına Uğratıyor
YDS Set 004;492-How Lunar Eclipses Have Changed History (Ay Tutulmaları Tarihi Nasıl Değiştirdi);C1;"astronomy; history; lunar eclipse";History;How Lunar Eclipses Have Changed History;Ay Tutulmaları Tarihi Nasıl Değiştirdi
YDS Set 004;493-How the IMF Became Part of the Problem (IMF Nasıl Sorunun Bir Parçası Haline Geldi);C1;"economics; IMF; crisis";Economics & Business;How the IMF Became Part of the Problem;IMF Nasıl Sorunun Bir Parçası Haline Geldi
YDS Set 004;494-Iceland's Blond Ambition (İzlanda'nın Sarışın Hırsı);C1;"biology; genetics; Iceland";Biology & Animals;Iceland's Blond Ambition;İzlanda'nın Sarışın Hırsı
YDS Set 004;495-Illusions (Yanılsamalar);C1;"psychology; perception; illusions";Psychology & Health;Illusions;Yanılsamalar
YDS Set 004;496-IMF Lost its Purpose (IMF Amacını Kaybetti);C1;"economics; IMF; global finance";Economics & Business;IMF Lost its Purpose;IMF Amacını Kaybetti
YDS Set 004;497-Influencing Pro-social Behavior (Prososyal Davranışı Etkileyen Faktörler);C1;"psychology; social behavior; altruism";Psychology & Health;Influencing Pro-social Behavior;Prososyal Davranışı Etkileyen Faktörler
YDS Set 004;498-Into The Clouds Of Everest (Everest'in Bulutlarına Doğru);C1;"history; exploration; mountaineering";History;Into The Clouds Of Everest;Everest'in Bulutlarına Doğru
YDS Set 004;499-Japanese Style In Decision Making (Karar Vermede Japon Tarzı);C1;"business; culture; decision making";Culture & Society;Japanese Style In Decision Making;Karar Vermede Japon Tarzı
YDS Set 004;500-Keeping Our Distance (Mesafemizi Korumak);C1;"psychology; proxemics; personal space";Psychology & Health;Keeping Our Distance;Mesafemizi Korumak
YDS Set 004;501-Kids Go Through The Euroblender (Çocuklar Avrupa Blendırından Geçiyor);C1;"sociology; Europe; youth";Culture & Society;Kids Go Through The Euroblender;Çocuklar Avrupa Blendırından Geçiyor
YDS Set 004;502-Kings Of Spray (Spreyin Kralları);C1;"art; graffiti; culture";Art, Music & Literature;Kings Of Spray;Spreyin Kralları
YDS Set 004;503-Language And Sex (Dil ve Cinsiyet);C1;"sociology; linguistics; gender";Culture & Society;Language And Sex;Dil ve Cinsiyet
YDS Set 004;504-Language for Chimps (Simpanslar icin Dil);C1;"animals; science; language";Linguistics & Communication;Language for Chimps;Simpanslar icin Dil
YDS Set 004;505-Lasers (Lazerler);C1;"technology; lasers; science";Science & Technology;Lasers;Lazerler
YDS Set 004;506-Last Brick In The Kinder Gulag (Çocuk Gulag'ında Son Tuğla);C1;"politics; USA; schools";Politics & Government;Last Brick In The Kinder Gulag;Çocuk Gulag'ında Son Tuğla
YDS Set 004;507-Legalizing Euthanasia: A Significant Move (Ötanaziyi Yasallaştırmak: Önemli Bir Adım);C1;"ethics; euthanasia; law";Law & Crime;Legalizing Euthanasia: A Significant Move;Ötanaziyi Yasallaştırmak: Önemli Bir Adım
YDS Set 004;508-Let Boys Be Boys (Erkek Çocuklar Erkek Çocuklar Gibi Olsun);C1;"sociology; gender; education";Women's Studies & Feminism;Let Boys Be Boys;Erkek Çocuklar Erkek Çocuklar Gibi Olsun
YDS Set 004;509-Life In The Grid (Izgarada Yaşam);C1;"technology; future; internet";Science & Technology;Life In The Grid;Izgarada Yaşam
YDS Set 004;510-Living In A Fish Bowl (Bir Fanusta Yaşamak);C1;"sociology; community; gossip";Culture & Society;Living In A Fish Bowl;Bir Fanusta Yaşamak
YDS Set 004;511-Marry For What? (Ne İçin Evlenmeli?);C1;"sociology; marriage; relationships";Family & Relationships;Marry For What?;Ne İçin Evlenmeli?
YDS Set 004;512-Men Or Machines (İnsanlar mı Makineler mi);C1;"technology; robotics; automation";Science & Technology;Men Or Machines;İnsanlar mı Makineler mi
YDS Set 004;513-Napster (Napster);C1;"technology; music; internet";Art, Music & Literature;Napster;Napster
YDS Set 004;514-Natural Born Killers (Part I) (Doğuştan Katiller (Bölüm I));C1;"psychology; evolutionary psychology; altruism";Psychology & Health;Natural Born Killers (Part I) (Doğuştan Katiller (Bölüm I));
YDS Set 004;515-Natural Born Killers (Part II) (Doğuştan Katiller (Bölüm II));C1;"psychology; evolutionary psychology; altruism";Psychology & Health;Natural Born Killers (Part II) (Doğuştan Katiller (Bölüm II));
YDS Set 004;516-New Threats To The Endangered Species Act (Nesli Tükenmekte Olan Türler Yasası'na Yeni Tehditler);C1;"environment; endangered species; conservation";Environment & Nature;New Threats To The Endangered Species Act;Nesli Tükenmekte Olan Türler Yasası'na Yeni Tehditler
YDS Set 004;517-Not In The Genes (Genlerde Değil);C1;"biology; genetics; genomics";Biology & Animals;Not In The Genes;Genlerde Değil
YDS Set 004;518-Not Now, Dr. Miracle (Şimdi Değil, Dr. Mucize);C1;"biology; cloning; ethics";Biology & Animals;Not Now, Dr. Miracle;Şimdi Değil, Dr. Mucize
YDS Set 004;519-Patenting Genes: Ethical Or Not (Genleri Patentlemek: Etik mi Değil mi);C1;"ethics; science; genetics";Science & Technology;Patenting Genes: Ethical Or Not;Genleri Patentlemek: Etik mi Değil mi
YDS Set 004;520-Playing God - A Moral Necessity? (Tanrı'yı Oynamak - Ahlaki Bir Zorunluluk mu?);C1;"ethics; technology; genetics";Science & Technology;Playing God - A Moral Necessity?;Tanrı'yı Oynamak - Ahlaki Bir Zorunluluk mu?
YDS Set 004;521-Political Identification (Politik Kimlik);C1;"politics; ethnicity; nation";Politics & Government;Political Identification;Politik Kimlik
YDS Set 004;522-Role Playing With Attitude (Tutumla Rol Oynama);C1;"psychology; assertiveness; teenagers";Psychology & Health;Role Playing With Attitude;Tutumla Rol Oynama
YDS Set 004;523-Roswell: The Whole Story (Roswell: Tüm Hikaye);C1;"UFO; Roswell; conspiracy";Paranormal & Mystery;Roswell: The Whole Story;Roswell: Tüm Hikaye
YDS Set 004;524-Sale Of The Century (Yüzyılın Satışı);C1;"economics; Italy; privatization";Economics & Business;Sale Of The Century;Yüzyılın Satışı
YDS Set 004;525-Sara Bennet (Sara Bennet);C1;"ethics; medicine; IVF";Health & Medicine;Sara Bennet;Sara Bennet
YDS Set 004;526-SARS Cases Climb (SARS Vakaları Artıyor);C1;"health; SARS; epidemic";Psychology & Health;SARS Cases Climb;SARS Vakaları Artıyor
YDS Set 004;527-Schizophrenia (Şizofreni);C1;"psychology; mental disorder; schizophrenia";Psychology & Health;Schizophrenia;Şizofreni
YDS Set 004;528-Science of Mad-Cow Disease (Deli Dana Hastalığının Ardındaki Bilim);C1;"science; medicine; prions";Science & Technology;Science of Mad-Cow Disease;Deli Dana Hastalığının Ardındaki Bilim
YDS Set 004;529-Smoking Campaigns (Sigarayla Mücadele Kampanyaları);C1;"health; smoking; society";Health & Medicine;Smoking Campaigns;Sigarayla Mücadele Kampanyaları
YDS Set 004;530-Soaking In Spam (Spam'a Bulanmak);C1;"technology; internet; spam";Science & Technology;Soaking In Spam;Spam'a Bulanmak
YDS Set 004;531-Solving World Hunger (Dünya Açlığını Çözmek);C1;"agriculture; hunger; politics";Food & Agriculture;Solving World Hunger;Dünya Açlığını Çözmek
YDS Set 004;532-Super Terrorism (Süper Terörizm);C1;"politics; terrorism; security";Defense & Security;Super Terrorism;Süper Terörizm
YDS Set 004;533-Team Building in the Workplace (İş Yerinde Ekip Kurma);C1;"business; management; teamwork";Economics & Business;Team Building in the Workplace;İş Yerinde Ekip Kurma
YDS Set 004;534-The Actual Cause of Obesity (Obezitenin Gerçek Nedeni);C1;"health; obesity; diet";Health & Medicine;The Actual Cause of Obesity;Obezitenin Gerçek Nedeni
YDS Set 004;535-The Art And Psychology Of Motion Pictures (Sinemanın Sanatı ve Psikolojisi);C1;"film; cinema; psychology";Psychology & Health;The Art And Psychology Of Motion Pictures;Sinemanın Sanatı ve Psikolojisi
YDS Set 004;536-The Causes of the French Revolution (Fransız Devrimi'nin Nedenleri);C1;"history; revolution; politics";History;The Causes of the French Revolution;Fransız Devrimi'nin Nedenleri
YDS Set 004;537-The Common Good (Ortak İyi);C1;"ethics; society; common good";Ethics & Philosophy;The Common Good;Ortak İyi
YDS Set 004;538-The Common Good (Ortak İyi);C1;"ethics; society; common good";Ethics & Philosophy;The Common Good;Ortak İyi
YDS Set 004;539-The Decline Of America's Soft Power (Amerika'nın Yumuşak Gücünün Düşüşü);C1;"politics; USA; soft power";Politics & Government;The Decline Of America's Soft Power;Amerika'nın Yumuşak Gücünün Düşüşü
YDS Set 004;540-The Ethics Of Chemical Weaponry (Kimyasal Silahların Etiği);C1;"ethics; war; chemical weapons";Military History & War;The Ethics Of Chemical Weaponry;Kimyasal Silahların Etiği
YDS Set 004;541-The Human Genome Project (İnsan Genomu Projesi);C1;"biology; genetics; genome";Biology & Animals;The Human Genome Project;İnsan Genomu Projesi
YDS Set 004;542-The Iks (İkler);C1;"anthropology; culture; society";Culture & Society;The Iks;İkler
YDS Set 004;543-The Individual Level Of Analysis (Analizin Bireysel Düzeyi);C1;"politics; leadership; psychology";Psychology & Health;The Individual Level Of Analysis;Analizin Bireysel Düzeyi
YDS Set 004;544-The Key: When Life Begins (Anahtar: Hayat Ne Zaman Başlar);C1;"biology; cloning; ethics";Biology & Animals;The Key: When Life Begins;Anahtar: Hayat Ne Zaman Başlar
YDS Set 004;545-The Long Habit (Uzun Alışkanlık);C1;"philosophy; life; death";Ethics & Philosophy;The Long Habit;Uzun Alışkanlık
YDS Set 004;546-The Mountain People - Ik (Dağ İnsanları - İkler);C1;"anthropology; culture; survival";Culture & Society;The Mountain People - Ik;Dağ İnsanları - İkler
YDS Set 004;547-The Nature Of Political Action (Politik Eylemin Doğası);C1;"politics; power; authority";Politics & Government;The Nature Of Political Action;Politik Eylemin Doğası
YDS Set 004;548-The New Image of Museums (Müzelerin Yeni Imaji);C1;"culture; museums; education";Culture & Society;The New Image of Museums;Müzelerin Yeni Imaji
YDS Set 004;549-The Poppy - Blessing and Curse (Haşhaş - Nimet ve Lanet);C1;"health; opium; poppy";Addiction & Substance Use;The Poppy - Blessing and Curse;Haşhaş - Nimet ve Lanet
YDS Set 004;550-The Rays Are Not Coloured (Işınlar Renkli Değildir);C1;"science; physics; colour";Science & Technology;The Rays Are Not Coloured;Işınlar Renkli Değildir
YDS Set 004;551-The Rise Of Asia (Asya'nın Yükselişi);C1;"economics; Asia; China";Economics & Business;The Rise Of Asia;Asya'nın Yükselişi
YDS Set 004;552-The Science of Mad-Cow Disease (Deli Dana Hastalığının Biliminin Ardında);C1;"health; prions; BSE";Psychology & Health;The Science of Mad-Cow Disease;Deli Dana Hastalığının Biliminin Ardında
YDS Set 004;553-The Science of Murder (Cinayet Bilimi);C1;"forensic science; crime investigation; evidence";Law & Crime;The Science of Murder;Cinayet Bilimi
YDS Set 004;554-The Sick World Of The Snipers (Sniper'ların Hasta Dünyası);C1;"crime; snipers; Washington D.C.";Crime & Justice System;The Sick World Of The Snipers;Sniper'ların Hasta Dünyası
YDS Set 004;555-The Stolen Generation (Çalınan Nesil);C1;"history; Australia; Aborigines";History;The Stolen Generation;Çalınan Nesil
YDS Set 004;556-The Teenage Teachers (Genç Öğretmenler);C1;"education; peer tutoring; teenagers";Education;The Teenage Teachers;Genç Öğretmenler
YDS Set 004;557-The Velvet Hegemony (Kadife Hegemonya);C1;"politics; soft power; USA";Politics & Government;The Velvet Hegemony;Kadife Hegemonya
YDS Set 004;558-Theory (Kaos Teorisi) - 2;C1;"science; mathematics; chaos theory";Science & Technology;Theory (Kaos Teorisi) - 2;
YDS Set 004;559-Time As A Social Construction (Sosyal Bir İnşa Olarak Zaman);C1;"sociology; time; culture";Culture & Society;Time As A Social Construction;Sosyal Bir İnşa Olarak Zaman
YDS Set 004;560-Turkey's Democratic Progress (Türkiye'nin Demokratik Gelişimi);C1;"politics; Turkey; EU";Politics & Government;Turkey's Democratic Progress;Türkiye'nin Demokratik Gelişimi
YDS Set 004;561-Turkey's Economic Growth (Türkiye'nin Ekonomik Büyümesi);C1;"economy; Turkey; EU";Psychology & Health;Turkey's Economic Growth;Türkiye'nin Ekonomik Büyümesi
YDS Set 004;562-Turkey's Progress (Türkiye'nin İlerlemesi);C1;"politics; Turkey; development";Politics & Government;Turkey's Progress;Türkiye'nin İlerlemesi
YDS Set 004;563-Turn Off That Cell Phone (Şu Cep Telefonunu Kapat);C1;"technology; mobile phones; social behavior";Science & Technology;Turn Off That Cell Phone;Şu Cep Telefonunu Kapat
YDS Set 004;564-Unschooling (Okulsuz Eğitim);C1;"education; homeschooling; unschooling";Education;Unschooling;Okulsuz Eğitim
YDS Set 004;565-Urban Development Matters (Kentsel Gelişim Önemlidir);C1;"sociology; urban development; ethics";Culture & Society;Urban Development Matters;Kentsel Gelişim Önemlidir
YDS Set 004;566-Water Contamination (Su Kirliliği);C1;"environment; science; health";Psychology & Health;Water Contamination;Su Kirliliği
YDS Set 004;567-Wellington Book (Wellington Kitabı);C1;"history; biography; book review";History;Wellington Book;Wellington Kitabı
YDS Set 004;568-Who Needs A Degree (Kimin Dereceye İhtiyacı Var);C1;"education; university; degree";Education;Who Needs A Degree;Kimin Dereceye İhtiyacı Var
YDS Set 004;569-Who Says Who Is Mad (Kimin Deli Olduğuna Kim Karar Verir);C1;"psychology; psychiatry; Rosenhan experiment";Psychology & Health;Who Says Who Is Mad;Kimin Deli Olduğuna Kim Karar Verir
YDS Set 004;570-Who's A German Then? (Peki Kim Alman?);C1;"sociology; citizenship; immigration";Culture & Society;Who's A German Then?;Peki Kim Alman?
YDS Set 004;571-Why EU Must Say Yes To Turkey (AB Neden Türkiye'ye Evet Demeli);C1;"politics; EU; Turkey";Politics & Government;Why EU Must Say Yes To Turkey;AB Neden Türkiye'ye Evet Demeli
YDS Set 004;572-Why Mother Nature Should Love Cyberspace (Doğa Ana Neden Siberuzayı Sevmeli);C1;"environment; internet; technology";Environment & Nature;Why Mother Nature Should Love Cyberspace;Doğa Ana Neden Siberuzayı Sevmeli
YDS Set 004;573-Why Paris Is Burning (Paris Neden Yanıyor);C1;"politics; France; riots";Politics & Government;Why Paris Is Burning;Paris Neden Yanıyor
YDS Set 004;574-Why We Laugh (Neden Güleriz);C1;"psychology; humor; laughter";Psychology & Health;Why We Laugh;Neden Güleriz
YDS Set 004;575-Will We Travel to The Stars? (Yıldızlara Seyahat Edecek miyiz?);C1;"astronomy; space travel; stars";Astronomy & Space;Will We Travel to The Stars?;Yıldızlara Seyahat Edecek miyiz?
YDS Set 005;576-A Familiar Story (Tanıdık Bir Hikaye);C2;"business; ethics; bribery";Economics & Business;A Familiar Story;Tanıdık Bir Hikaye
YDS Set 005;577-A Good Life (İyi Bir Yaşam);C2;"anthropology; culture; longevity";Culture & Society;A Good Life;İyi Bir Yaşam
YDS Set 005;578-A Nation Of Cheaters (Bir Hilekarlar Ulusu);C2;"ethics; cheating; society";Culture & Society;A Nation Of Cheaters;Bir Hilekarlar Ulusu
YDS Set 005;579-A Peaceful Revolutionary (Barisci Devrimci);C2;"biography; history; politics";History;A Peaceful Revolutionary;Barisci Devrimci
YDS Set 005;580-Abolish The IMF (IMF Kaldırılsın);C2;"economics; IMF; global finance";Economics & Business;Abolish The IMF;IMF Kaldırılsın
YDS Set 005;581-Aboriginal Land Claims (Aborijin Toprak Talepleri);C2;"history; Australia; Aborigines";History;Aboriginal Land Claims;Aborijin Toprak Talepleri
YDS Set 005;582-Addictive Personality (Bağımlı Kişilik);C2;"psychology; addiction; behavior";Psychology & Health;Addictive Personality;Bağımlı Kişilik
YDS Set 005;583-Advancements and Challenges in Renewable Solar Energy Technology (Yenilenebilir Güneş Enerjisi Teknolojisindeki Gelişmeler ve Zorluklar);C2;"technology; environment; energy";Environment & Nature;Advancements and Challenges in Renewable Solar Energy Technology;Yenilenebilir Güneş Enerjisi Teknolojisindeki Gelişmeler ve Zorluklar
YDS Set 005;584-Advertising (Reklamcılık);C2;"business; marketing; advertising";Economics & Business;Advertising;Reklamcılık
YDS Set 005;585-Affluenza (Affluenza);C2;"economics; consumerism; society";Economics & Business;Affluenza;Affluenza
YDS Set 005;586-Africa's Dry Lands (Afrika'nın Kurak Toprakları);C2;"environment; Africa; desertification";Environment & Nature;Africa's Dry Lands;Afrika'nın Kurak Toprakları
YDS Set 005;587-After The Dalai Lama (Dalai Lama'dan Sonra);C2;"politics; Tibet; Dalai Lama";Politics & Government;After The Dalai Lama;Dalai Lama'dan Sonra
YDS Set 005;588-Ahmet Kaya: The Voice of a Generation (Ahmet Kaya: Bir Neslin Sesi);C2;"music; biography; turkey";Art, Music & Literature;Ahmet Kaya: The Voice of a Generation;Ahmet Kaya: Bir Neslin Sesi
YDS Set 005;589-Aliens In The Palace (Saraydaki Uzaylılar);C2;"environment; invasive species; Japan";Environment & Nature;Aliens In The Palace;Saraydaki Uzaylılar
YDS Set 005;590-An Ethical Quandary (Etik Bir İkilem);C2;"ethics; medicine; law";Law & Crime;An Ethical Quandary;Etik Bir İkilem
YDS Set 005;591-An Obsession with Reptiles (Sürüngenlere Karşı Bir Tutku);C2;"animals; hobbies; personality";Psychology & Health;An Obsession with Reptiles;Sürüngenlere Karşı Bir Tutku
YDS Set 005;592-Ancient Chinese Clothing and Social Class (Eski Çin Kıyafetleri ve Sosyal Sınıf);C2;"history; culture; fashion";Food & Agriculture;Ancient Chinese Clothing and Social Class;Eski Çin Kıyafetleri ve Sosyal Sınıf
YDS Set 005;593-Artificial Gravity in Long-Duration Space Exploration (Uzun Süreli Uzay Keşfinde Yapay Yerçekimi);C2;"space; technology; science";Science & Technology;Artificial Gravity in Long-Duration Space Exploration;Uzun Süreli Uzay Keşfinde Yapay Yerçekimi
YDS Set 005;594-Attitudes Towards Money (Paraya Karşı Tutumlar);C2;"psychology; money; society";Psychology & Health;Attitudes Towards Money;Paraya Karşı Tutumlar
YDS Set 005;595-Back to Nature (Doğaya Dönüş);C2;"lifestyle; society; city vs country";Culture & Society;Back to Nature;Doğaya Dönüş
YDS Set 005;596-Being an 'Au Pair': Some Facts ('Au Pair' Olmak: Bazı Gerçekler);C2;"work; travel; culture";Culture & Society;Being an 'Au Pair': Some Facts;'Au Pair' Olmak: Bazı Gerçekler
YDS Set 005;597-Better Refrigerators: The Cold Fact (Daha İyi Buzdolapları: Soğuk Gerçek);C2;"environment; technology; energy";Environment & Nature;Better Refrigerators: The Cold Fact;Daha İyi Buzdolapları: Soğuk Gerçek
YDS Set 005;598-Branches Of Psychology (Psikolojinin Dalları);C2;"psychology; cognitive; behavioral";Psychology & Health;Branches Of Psychology;Psikolojinin Dalları
YDS Set 005;599-CAT (KEDİ) [Centre for Alternative Technology];C2;"environment; energy; technology";Environment & Nature;CAT (KEDİ) [Centre for Alternative Technology];
YDS Set 005;600-Changes in World Climate (Dünya İklimindeki Değişiklikler);C2;"environment; climate change; science";Environment & Nature;Changes in World Climate;Dünya İklimindeki Değişiklikler
YDS Set 005;601-Changes in World Climate (Dünya İklimindeki Değişiklikler);C2;"environment; climate change; global warming";Environment & Nature;Changes in World Climate;Dünya İklimindeki Değişiklikler
YDS Set 005;602-Childhood Fears (Çocukluk Korkuları);C2;"psychology; child development; fear";Psychology & Health;Childhood Fears;Çocukluk Korkuları
YDS Set 005;603-Cognitive Processes and Memory Consolidation During Sleep (Uyku Sırasında Bilişsel Süreçler ve Bellek Konsolidasyonu);C2;"psychology; health; neuroscience";Psychology & Health;Cognitive Processes and Memory Consolidation During Sleep;Uyku Sırasında Bilişsel Süreçler ve Bellek Konsolidasyonu
YDS Set 005;604-Color Therapy (Renk Terapisi);C2;"health; alternative medicine; psychology";Psychology & Health;Color Therapy;Renk Terapisi
YDS Set 005;605-Coping with Stress (Stresle Başa Çıkmak);C2;"psychology; health; modern life";Psychology & Health;Coping with Stress;Stresle Başa Çıkmak
YDS Set 005;606-Early Language Teaching (Erken Yaşta Dil Öğretimi);C2;"education; language; teaching";Education;Early Language Teaching;Erken Yaşta Dil Öğretimi
YDS Set 005;607-Effects of Snow (Karın Etkileri);C2;"weather; society; UK";Culture & Society;Effects of Snow;Karın Etkileri
YDS Set 005;608-EU Grant for Increasing School Attendance (AB'den Okullaşma Oranlarını Artırma Hibesi);C2;"education; eu; turkey";Education;EU Grant for Increasing School Attendance;AB'den Okullaşma Oranlarını Artırma Hibesi
YDS Set 005;609-Extreme Act: Self-Mutilation (Aşırı Bir Eylem: Kendine Zarar Verme);C2;"psychology; self-harm; culture";Psychology & Health;Extreme Act: Self-Mutilation;Aşırı Bir Eylem: Kendine Zarar Verme
YDS Set 005;610-Genghis Khan: A Controversial Figure (Cengiz Han: Tartışmalı Bir Figür);C2;"history; biography; mongolia";History;Genghis Khan: A Controversial Figure;Cengiz Han: Tartışmalı Bir Figür
YDS Set 005;611-Hope for EU-Turkey Relations (AB-Türkiye İlişkilerinden Umut);C2;"politics; turkey; eu";Politics & Government;Hope for EU-Turkey Relations;AB-Türkiye İlişkilerinden Umut
YDS Set 005;612-How Can We Change Consumerism? (Tüketim Çılgınlığını Nasıl Değiştirebiliriz?);C2;"consumerism; environment; sustainability";Environment & Nature;How Can We Change Consumerism?;Tüketim Çılgınlığını Nasıl Değiştirebiliriz?
YDS Set 005;613-How Earthquakes Happen (Depremler Nasıl Olur);C2;"science; geology; nature";Environment & Nature;How Earthquakes Happen;Depremler Nasıl Olur
YDS Set 005;614-Hydro-Electric and Tidal Power (Hidro-Elektrik ve Gelgit Enerjisi);C2;"energy; environment; technology";Environment & Nature;Hydro-Electric and Tidal Power;Hidro-Elektrik ve Gelgit Enerjisi
YDS Set 005;615-Ireland and Turkey's EU Path (İrlanda ve Türkiye'nin AB Yolu);C2;"politics; turkey; eu";Politics & Government;Ireland and Turkey's EU Path;İrlanda ve Türkiye'nin AB Yolu
YDS Set 005;616-Ireland's EU Presidency and Turkey's Preparation (İrlanda'nın AB Dönem Başkanlığı ve Türkiye'nin Hazırlığı);C2;"politics; turkey; eu";Politics & Government;Ireland's EU Presidency and Turkey's Preparation;İrlanda'nın AB Dönem Başkanlığı ve Türkiye'nin Hazırlığı
YDS Set 005;617-Jean Monnet Scholarship Programme Announced (Jean Monnet Burs Programı Duyuruldu);C2;"education; scholarships; eu";Education;Jean Monnet Scholarship Programme Announced;Jean Monnet Burs Programı Duyuruldu
YDS Set 005;618-Jorvik - The Lost Viking Capital (Jorvik - Kayıp Viking Başkenti);C2;"history; archaeology; Vikings";History;Jorvik - The Lost Viking Capital;Jorvik - Kayıp Viking Başkenti
YDS Set 005;619-Language in the Home-Raised Chimpanzees (Evde Yetiştirilen Şempanzelerde İletişim ve Dil);C2;"animals; science; psychology";Psychology & Health;Language in the Home-Raised Chimpanzees;Evde Yetiştirilen Şempanzelerde İletişim ve Dil
YDS Set 005;620-Linguistic Relativity and the Perception of Reality (Dilbilimsel Görelilik ve Gerçeklik Algısı);C2;"linguistics; psychology; culture";Psychology & Health;Linguistic Relativity and the Perception of Reality;Dilbilimsel Görelilik ve Gerçeklik Algısı
YDS Set 005;621-Looking for a Partner? (Bir Partner mi Arıyorsunuz?);C2;"society; marriage; culture";Culture & Society;Looking for a Partner?;Bir Partner mi Arıyorsunuz?
YDS Set 005;622-Mozart: A Musical Prodigy (Mozart: Bir Müzik Dehası);C2;"music; biography; classical music";Art, Music & Literature;Mozart: A Musical Prodigy;Mozart: Bir Müzik Dehası
YDS Set 005;623-Mystery Powers Cure Slim-Mad Jemima (Yunus'un Gizemli Güçleri Zayıflama Çılgını Jemima'yı İyileştiriyor);C2;"health; dolphin therapy; anorexia";Psychology & Health;Mystery Powers Cure Slim-Mad Jemima;Yunus'un Gizemli Güçleri Zayıflama Çılgını Jemima'yı İyileştiriyor
YDS Set 005;624-Parachute History (Paraşüt Tarihi);C2;"history; military";History;Parachute History;Paraşüt Tarihi
YDS Set 005;625-Powers of the Human Body (İnsan Vücudunun Güçleri);C2;"health; fitness; biology";Health & Medicine;Powers of the Human Body;İnsan Vücudunun Güçleri
YDS Set 005;626-Sharks: Magnificent and Misunderstood (Köpekbalıkları: Muhteşem ve Yanlış Anlaşılan);C2;"animals; marine biology; science";Biology & Animals;Sharks: Magnificent and Misunderstood;Köpekbalıkları: Muhteşem ve Yanlış Anlaşılan
YDS Set 005;627-The Architectural Legacy of the Byzantine Empire (Bizans İmparatorluğu'nun Mimari Mirası);C2;"architecture; history; culture";Food & Agriculture;The Architectural Legacy of the Byzantine Empire;Bizans İmparatorluğu'nun Mimari Mirası
YDS Set 005;628-The Art and Science of Sustainable Architecture (Sürdürülebilir Mimarlığın Sanatı ve Bilimi);C2;"architecture; environment; technology";Environment & Nature;The Art and Science of Sustainable Architecture;Sürdürülebilir Mimarlığın Sanatı ve Bilimi
YDS Set 005;629-The Astrobiological Search for Extraterrestrial Life (Dünya Dışı Yaşam İçin Astrobiyolojik Arayış);C2;"space; science; philosophy";Astronomy & Space;The Astrobiological Search for Extraterrestrial Life;Dünya Dışı Yaşam İçin Astrobiyolojik Arayış
YDS Set 005;630-The Biological Complexity of the Human Visual System (İnsan Görme Sisteminin Biyolojik Karmaşıklığı);C2;"biology; health; science";Science & Technology;The Biological Complexity of the Human Visual System;İnsan Görme Sisteminin Biyolojik Karmaşıklığı
YDS Set 005;631-The Complex Dynamics of Globalization (Küreselleşmenin Karmaşık Dinamikleri);C2;"economics; politics; culture";Politics & Government;The Complex Dynamics of Globalization;Küreselleşmenin Karmaşık Dinamikleri
YDS Set 005;632-The Complex Legacy of Classical Mythology (Klasik Mitolojinin Karmaşık Mirası);C2;"culture; history; literature";Food & Agriculture;The Complex Legacy of Classical Mythology;Klasik Mitolojinin Karmaşık Mirası
YDS Set 005;633-The Complex Phenomenon of Impostor Syndrome (Sahtekar Sendromunun Karmaşık Fenomeni);C2;"psychology; health; society";Psychology & Health;The Complex Phenomenon of Impostor Syndrome;Sahtekar Sendromunun Karmaşık Fenomeni
YDS Set 005;634-The Consequences of State Collapse (Devlet Çöküşünün Sonuçları);C2;"politics; sociology; current affairs";Politics & Government;The Consequences of State Collapse;Devlet Çöküşünün Sonuçları
YDS Set 005;635-The Cultural Significance of Ancient Silk Road Trade Routes (Antik İpek Yolu Ticaret Yollarının Kültürel Önemi);C2;"history; culture; economics";Food & Agriculture;The Cultural Significance of Ancient Silk Road Trade Routes;Antik İpek Yolu Ticaret Yollarının Kültürel Önemi
YDS Set 005;636-The Devastating Effects of Ocean Acidification on Coral Reefs (Okyanus Asitlenmesinin Mercan Resifleri Üzerindeki Yıkıcı Etkileri);C2;"environment; climate; biology";Environment & Nature;The Devastating Effects of Ocean Acidification on Coral Reefs;Okyanus Asitlenmesinin Mercan Resifleri Üzerindeki Yıkıcı Etkileri
YDS Set 005;637-The Development of mRNA Vaccine Technology (mRNA Aşı Teknolojisinin Gelişimi);C2;"health; technology; medicine";Health & Medicine;The Development of mRNA Vaccine Technology;mRNA Aşı Teknolojisinin Gelişimi
YDS Set 005;638-The Dynamics of Atmospheric Circulation and Weather Patterns (Atmosferik Sirkülasyon Dinamikleri ve Hava Durumu Modelleri);C2;"climate; science; environment";Environment & Nature;The Dynamics of Atmospheric Circulation and Weather Patterns;Atmosferik Sirkülasyon Dinamikleri ve Hava Durumu Modelleri
YDS Set 005;639-The Dynamics of Tectonic Plate Movements and Earthquake Prediction (Tektonik Levha Hareketlerinin Dinamikleri ve Deprem Tahmini);C2;"geology; science; environment";Environment & Nature;The Dynamics of Tectonic Plate Movements and Earthquake Prediction;Tektonik Levha Hareketlerinin Dinamikleri ve Deprem Tahmini
YDS Set 005;640-The Dynamics of Urban Heat Islands and Environmental Planning (Kentsel Isı Adalarının Dinamikleri ve Çevre Planlaması);C2;"environment; urban planning; climate";Environment & Nature;The Dynamics of Urban Heat Islands and Environmental Planning;Kentsel Isı Adalarının Dinamikleri ve Çevre Planlaması
YDS Set 005;641-The Economics of the Gig Economy and Freelance Labor (Ekonomi ve Serbest Çalışma Piyasasının Ekonomisi);C2;"economics; business; society";Economics & Business;The Economics of the Gig Economy and Freelance Labor;Ekonomi ve Serbest Çalışma Piyasasının Ekonomisi
YDS Set 005;642-The Enduring Mystery of the Pyramids of Giza (Giza Piramitlerinin Kalıcı Gizemi);C2;"history; archaeology; culture";History;The Enduring Mystery of the Pyramids of Giza;Giza Piramitlerinin Kalıcı Gizemi
YDS Set 005;643-The Engineering Principles Behind Modern Suspension Bridges (Modern Asma Köprülerin Arkasındaki Mühendislik Prensipleri);C2;"engineering; technology; science";Science & Technology;The Engineering Principles Behind Modern Suspension Bridges;Modern Asma Köprülerin Arkasındaki Mühendislik Prensipleri
YDS Set 005;644-The Ethical Dilemmas of Autonomous Weapon Systems (Otonom Silah Sistemlerinin Etik İkilemleri);C2;"technology; ethics; politics";Science & Technology;The Ethical Dilemmas of Autonomous Weapon Systems;Otonom Silah Sistemlerinin Etik İkilemleri
YDS Set 005;645-The Ethical Dimensions of Genetic Engineering in Modern Agriculture (Modern Tarımda Genetik Mühendisliğinin Etik Boyutları);C2;"technology; ethics; environment";Environment & Nature;The Ethical Dimensions of Genetic Engineering in Modern Agriculture;Modern Tarımda Genetik Mühendisliğinin Etik Boyutları
YDS Set 005;646-The Evolution of Classical Music in the 18th Century (18. Yüzyılda Klasik Müziğin Evrimi);C2;"music; history; culture";Art, Music & Literature;The Evolution of Classical Music in the 18th Century;18. Yüzyılda Klasik Müziğin Evrimi
YDS Set 005;647-The Evolution of Cybersecurity Protocols in Corporate Environments (Kurumsal Ortamlarda Siber Güvenlik Protokollerinin Evrimi);C2;"technology; business; security";Science & Technology;The Evolution of Cybersecurity Protocols in Corporate Environments;Kurumsal Ortamlarda Siber Güvenlik Protokollerinin Evrimi
YDS Set 005;648-The Evolution of Face Transplantation (Yüz Naklinin Evrimi);C2;"health; medicine; surgery";Health & Medicine;The Evolution of Face Transplantation;Yüz Naklinin Evrimi
YDS Set 005;649-The Evolution of Global Supply Chains in the Modern Era (Modern Çağda Küresel Tedarik Zincirlerinin Evrimi);C2;"economics; business; globalization";Economics & Business;The Evolution of Global Supply Chains in the Modern Era;Modern Çağda Küresel Tedarik Zincirlerinin Evrimi
YDS Set 005;650-The Evolution of Human Language (İnsan Dilinin Evrimi);C2;"linguistics; anthropology; biology";Biology & Animals;The Evolution of Human Language;İnsan Dilinin Evrimi
YDS Set 005;651-The Evolution of Human Shelter (İnsan Barınağının Evrimi);C2;"history; architecture; anthropology";History;The Evolution of Human Shelter;İnsan Barınağının Evrimi
YDS Set 005;652-The Fascinating World of Bioluminescence (Biyolüminesansın Büyüleyici Dünyası);C2;"biology; science; nature";Biology & Animals;The Fascinating World of Bioluminescence;Biyolüminesansın Büyüleyici Dünyası
YDS Set 005;653-The Geopolitics of Global Freshwater Scarcity (Küresel Tatlı Su Kıtlığının Jeopolitiği);C2;"environment; politics; economics";Environment & Nature;The Geopolitics of Global Freshwater Scarcity;Küresel Tatlı Su Kıtlığının Jeopolitiği
YDS Set 005;654-The History and Mechanics of the Printing Press (Matbaanın Tarihi ve Mekaniği);C2;"history; technology; culture";Food & Agriculture;The History and Mechanics of the Printing Press;Matbaanın Tarihi ve Mekaniği
YDS Set 005;655-The Impact of Artificial Intelligence on Modern Healthcare (Yapay Zekanın Modern Sağlık Hizmetleri Üzerindeki Etkisi);C2;"technology; health; ethics";Psychology & Health;The Impact of Artificial Intelligence on Modern Healthcare;Yapay Zekanın Modern Sağlık Hizmetleri Üzerindeki Etkisi
YDS Set 005;656-The Impact of Deforestation on Indigenous Amazonian Communities (Ormansızlaşmanın Amazon'daki Yerli Topluluklar Üzerindeki Etkisi);C2;"environment; society; politics";Environment & Nature;The Impact of Deforestation on Indigenous Amazonian Communities;Ormansızlaşmanın Amazon'daki Yerli Topluluklar Üzerindeki Etkisi
YDS Set 005;657-The Impact of Microfinance on Developing Economies (Mikrofinansın Gelişmekte Olan Ekonomiler Üzerindeki Etkisi);C2;"economics; society; business";Economics & Business;The Impact of Microfinance on Developing Economies;Mikrofinansın Gelişmekte Olan Ekonomiler Üzerindeki Etkisi
YDS Set 005;658-The Intricate Biological Mechanisms of Autoimmune Diseases (Otoimmün Hastalıkların Karmaşık Biyolojik Mekanizmaları);C2;"health; biology; medicine";Health & Medicine;The Intricate Biological Mechanisms of Autoimmune Diseases;Otoimmün Hastalıkların Karmaşık Biyolojik Mekanizmaları
YDS Set 005;659-The Intricate Relationship Between Economic Inflation and Purchasing Power (Ekonomik Enflasyon ve Satın Alma Gücü Arasındaki Karmaşık İlişki);C2;"economics; finance; society";Economics & Business;The Intricate Relationship Between Economic Inflation and Purchasing Power;Ekonomik Enflasyon ve Satın Alma Gücü Arasındaki Karmaşık İlişki
YDS Set 005;660-The Intricate World of Coral Reef Ecosystems (Mercan Resifi Ekosistemlerinin Karmaşık Dünyası);C2;"biology; environment; climate";Environment & Nature;The Intricate World of Coral Reef Ecosystems;Mercan Resifi Ekosistemlerinin Karmaşık Dünyası
YDS Set 005;661-The Orkhon Inscriptions: The Dawn of Turkish Literature (Orhun Yazıtları: Türk Edebiyatının Şafağı);C2;"history; turkic; literature";History;The Orkhon Inscriptions: The Dawn of Turkish Literature;Orhun Yazıtları: Türk Edebiyatının Şafağı
YDS Set 005;662-The Physics of Black Holes and General Relativity (Kara Deliklerin Fiziği ve Genel Görelilik);C2;"physics; space; science";Science & Technology;The Physics of Black Holes and General Relativity;Kara Deliklerin Fiziği ve Genel Görelilik
YDS Set 005;663-The Pivotal Role of Urban Green Spaces (Kentsel Yeşil Alanların Önemli Rolü);C2;"environment; urban planning; health";Psychology & Health;The Pivotal Role of Urban Green Spaces;Kentsel Yeşil Alanların Önemli Rolü
YDS Set 005;664-The Principles of Quantum Computing and Cryptography (Kuantum Hesaplama ve Kriptografinin İlkeleri);C2;"technology; science; security";Science & Technology;The Principles of Quantum Computing and Cryptography;Kuantum Hesaplama ve Kriptografinin İlkeleri
YDS Set 005;665-The Profound Impact of the Printing Press (Matbaanın Derin Etkisi);C2;"history; technology; culture";Food & Agriculture;The Profound Impact of the Printing Press;Matbaanın Derin Etkisi
YDS Set 005;666-The Psychological Benefits of Practicing Mindfulness Meditation (Farkındalık Meditasyonu Yapmanın Psikolojik Faydaları);C2;"psychology; health; wellness";Psychology & Health;The Psychological Benefits of Practicing Mindfulness Meditation;Farkındalık Meditasyonu Yapmanın Psikolojik Faydaları
YDS Set 005;667-The Psychological Impact of Social Media Algorithms (Sosyal Medya Algoritmalarının Psikolojik Etkisi);C2;"technology; psychology; society";Psychology & Health;The Psychological Impact of Social Media Algorithms;Sosyal Medya Algoritmalarının Psikolojik Etkisi
YDS Set 005;668-The Psychological Implications of Excessive Social Media Consumption (Aşırı Sosyal Medya Tüketiminin Psikolojik Etkileri);C2;"psychology; technology; health";Psychology & Health;The Psychological Implications of Excessive Social Media Consumption;Aşırı Sosyal Medya Tüketiminin Psikolojik Etkileri
YDS Set 005;669-The Psychology of Decision-Making and Behavioral Economics (Karar Verme Psikolojisi ve Davranışsal Ekonomi);C2;"psychology; economics; business";Economics & Business;The Psychology of Decision-Making and Behavioral Economics;Karar Verme Psikolojisi ve Davranışsal Ekonomi
YDS Set 005;670-The Renaissance of Nuclear Energy in the Fight Against Climate Change (İklim Değişikliğiyle Mücadelede Nükleer Enerjinin Rönesansı);C2;"energy; environment; technology";Environment & Nature;The Renaissance of Nuclear Energy in the Fight Against Climate Change;İklim Değişikliğiyle Mücadelede Nükleer Enerjinin Rönesansı
YDS Set 005;671-The Revolutionary Potential of Gene Editing Technology (Gen Düzenleme Teknolojisinin Devrimci Potansiyeli);C2;"technology; ethics; health";Psychology & Health;The Revolutionary Potential of Gene Editing Technology;Gen Düzenleme Teknolojisinin Devrimci Potansiyeli
YDS Set 005;672-The Role of Microplastics in Terrestrial and Aquatic Ecosystems (Karasal ve Sucul Ekosistemlerde Mikroplastiklerin Rolü);C2;"environment; science; health";Psychology & Health;The Role of Microplastics in Terrestrial and Aquatic Ecosystems;Karasal ve Sucul Ekosistemlerde Mikroplastiklerin Rolü
YDS Set 005;673-The Role of the Microbiome in Human Health (İnsan Sağlığında Mikrobiyomun Rolü);C2;"health; biology; medicine";Health & Medicine;The Role of the Microbiome in Human Health;İnsan Sağlığında Mikrobiyomun Rolü
YDS Set 005;674-The Societal Implications of Universal Basic Income (Evrensel Temel Gelirin Toplumsal Etkileri);C2;"economics; society; politics";Politics & Government;The Societal Implications of Universal Basic Income;Evrensel Temel Gelirin Toplumsal Etkileri
YDS Set 005;675-The Spanish Armada: A Fleet Sent Against England (İspanyol Armadası: İngiltere'ye Gönderilen Donanma);C2;"history; military; europe";History;The Spanish Armada: A Fleet Sent Against England;İspanyol Armadası: İngiltere'ye Gönderilen Donanma
YDS Set 005;676-The Transformative Power of Learning a Musical Instrument (Bir Müzik Aleti Öğrenmenin Dönüştürücü Gücü);C2;"psychology; education; health";Psychology & Health;The Transformative Power of Learning a Musical Instrument;Bir Müzik Aleti Öğrenmenin Dönüştürücü Gücü
YDS Set 005;677-Turkey's Reform Monitoring Group Meets (Reform İzleme Grubu Bursa'da Toplandı);C2;"politics; turkey; eu";Politics & Government;Turkey's Reform Monitoring Group Meets;Reform İzleme Grubu Bursa'da Toplandı
YDS Set 005;678-William Shakespeare: England's National Poet (William Shakespeare: İngiltere'nin Ulusal Şairi);C2;"literature; biography; poetry";Art, Music & Literature;William Shakespeare: England's National Poet;William Shakespeare: İngiltere'nin Ulusal Şairi
